tradicional	costumbrista	0	), Fue un pianista y compositor <head>folclórico<head>, y figura fundamental en lo que a interpretación pianística del folclore argentino se refiere.
costumbrista	tradicional	1	), Fue un pianista y compositor <head>folclórico<head>, y figura fundamental en lo que a interpretación pianística del folclore argentino se refiere.
tradicional	local	0	), Fue un pianista y compositor <head>folclórico<head>, y figura fundamental en lo que a interpretación pianística del folclore argentino se refiere.
local	tradicional	1	), Fue un pianista y compositor <head>folclórico<head>, y figura fundamental en lo que a interpretación pianística del folclore argentino se refiere.
tradicional	de musica folk	0	), Fue un pianista y compositor <head>folclórico<head>, y figura fundamental en lo que a interpretación pianística del folclore argentino se refiere.
de musica folk	tradicional	1	), Fue un pianista y compositor <head>folclórico<head>, y figura fundamental en lo que a interpretación pianística del folclore argentino se refiere.
pintoresco	costumbrista	0	), Fue un pianista y compositor <head>folclórico<head>, y figura fundamental en lo que a interpretación pianística del folclore argentino se refiere.
costumbrista	pintoresco	1	), Fue un pianista y compositor <head>folclórico<head>, y figura fundamental en lo que a interpretación pianística del folclore argentino se refiere.
típico	de folclore	0	), Fue un pianista y compositor <head>folclórico<head>, y figura fundamental en lo que a interpretación pianística del folclore argentino se refiere.
de folclore	típico	1	), Fue un pianista y compositor <head>folclórico<head>, y figura fundamental en lo que a interpretación pianística del folclore argentino se refiere.
típico	costumbrista	0	), Fue un pianista y compositor <head>folclórico<head>, y figura fundamental en lo que a interpretación pianística del folclore argentino se refiere.
costumbrista	típico	1	), Fue un pianista y compositor <head>folclórico<head>, y figura fundamental en lo que a interpretación pianística del folclore argentino se refiere.
pintoresco	local	0	), Fue un pianista y compositor <head>folclórico<head>, y figura fundamental en lo que a interpretación pianística del folclore argentino se refiere.
local	pintoresco	1	), Fue un pianista y compositor <head>folclórico<head>, y figura fundamental en lo que a interpretación pianística del folclore argentino se refiere.
pintoresco	de musica folk	0	), Fue un pianista y compositor <head>folclórico<head>, y figura fundamental en lo que a interpretación pianística del folclore argentino se refiere.
de musica folk	pintoresco	1	), Fue un pianista y compositor <head>folclórico<head>, y figura fundamental en lo que a interpretación pianística del folclore argentino se refiere.
pintoresco	de folclor	0	), Fue un pianista y compositor <head>folclórico<head>, y figura fundamental en lo que a interpretación pianística del folclore argentino se refiere.
de folclor	pintoresco	1	), Fue un pianista y compositor <head>folclórico<head>, y figura fundamental en lo que a interpretación pianística del folclore argentino se refiere.
típico	popular	0	), Fue un pianista y compositor <head>folclórico<head>, y figura fundamental en lo que a interpretación pianística del folclore argentino se refiere.
popular	típico	1	), Fue un pianista y compositor <head>folclórico<head>, y figura fundamental en lo que a interpretación pianística del folclore argentino se refiere.
típico	local	0	), Fue un pianista y compositor <head>folclórico<head>, y figura fundamental en lo que a interpretación pianística del folclore argentino se refiere.
local	típico	1	), Fue un pianista y compositor <head>folclórico<head>, y figura fundamental en lo que a interpretación pianística del folclore argentino se refiere.
típico	de musica folk	0	), Fue un pianista y compositor <head>folclórico<head>, y figura fundamental en lo que a interpretación pianística del folclore argentino se refiere.
de musica folk	típico	1	), Fue un pianista y compositor <head>folclórico<head>, y figura fundamental en lo que a interpretación pianística del folclore argentino se refiere.
típico	de folclor	0	), Fue un pianista y compositor <head>folclórico<head>, y figura fundamental en lo que a interpretación pianística del folclore argentino se refiere.
de folclor	típico	1	), Fue un pianista y compositor <head>folclórico<head>, y figura fundamental en lo que a interpretación pianística del folclore argentino se refiere.
de folclore	popular	0	), Fue un pianista y compositor <head>folclórico<head>, y figura fundamental en lo que a interpretación pianística del folclore argentino se refiere.
popular	de folclore	1	), Fue un pianista y compositor <head>folclórico<head>, y figura fundamental en lo que a interpretación pianística del folclore argentino se refiere.
de folclore	local	0	), Fue un pianista y compositor <head>folclórico<head>, y figura fundamental en lo que a interpretación pianística del folclore argentino se refiere.
local	de folclore	1	), Fue un pianista y compositor <head>folclórico<head>, y figura fundamental en lo que a interpretación pianística del folclore argentino se refiere.
de folclore	de musica folk	0	), Fue un pianista y compositor <head>folclórico<head>, y figura fundamental en lo que a interpretación pianística del folclore argentino se refiere.
de musica folk	de folclore	1	), Fue un pianista y compositor <head>folclórico<head>, y figura fundamental en lo que a interpretación pianística del folclore argentino se refiere.
de folclore	de folclor	0	), Fue un pianista y compositor <head>folclórico<head>, y figura fundamental en lo que a interpretación pianística del folclore argentino se refiere.
de folclor	de folclore	1	), Fue un pianista y compositor <head>folclórico<head>, y figura fundamental en lo que a interpretación pianística del folclore argentino se refiere.
costumbrista	popular	0	), Fue un pianista y compositor <head>folclórico<head>, y figura fundamental en lo que a interpretación pianística del folclore argentino se refiere.
popular	costumbrista	1	), Fue un pianista y compositor <head>folclórico<head>, y figura fundamental en lo que a interpretación pianística del folclore argentino se refiere.
costumbrista	local	0	), Fue un pianista y compositor <head>folclórico<head>, y figura fundamental en lo que a interpretación pianística del folclore argentino se refiere.
local	costumbrista	1	), Fue un pianista y compositor <head>folclórico<head>, y figura fundamental en lo que a interpretación pianística del folclore argentino se refiere.
costumbrista	de folclor	0	), Fue un pianista y compositor <head>folclórico<head>, y figura fundamental en lo que a interpretación pianística del folclore argentino se refiere.
de folclor	costumbrista	1	), Fue un pianista y compositor <head>folclórico<head>, y figura fundamental en lo que a interpretación pianística del folclore argentino se refiere.
extinto	muerto	0	Además de partidos de fútbol americano, el estadio ha sido utilizado para una gran variedad de eventos, entre los que se destacan varios partidos de la selección nacional de fútbol de los Estados Unidos, y fue el hogar del ahora <head>difunto<head> club de la MLS, el Tampa Bay Mutiny.
muerto	extinto	1	Además de partidos de fútbol americano, el estadio ha sido utilizado para una gran variedad de eventos, entre los que se destacan varios partidos de la selección nacional de fútbol de los Estados Unidos, y fue el hogar del ahora <head>difunto<head> club de la MLS, el Tampa Bay Mutiny.
extinto	fallecido	0	Además de partidos de fútbol americano, el estadio ha sido utilizado para una gran variedad de eventos, entre los que se destacan varios partidos de la selección nacional de fútbol de los Estados Unidos, y fue el hogar del ahora <head>difunto<head> club de la MLS, el Tampa Bay Mutiny.
fallecido	extinto	1	Además de partidos de fútbol americano, el estadio ha sido utilizado para una gran variedad de eventos, entre los que se destacan varios partidos de la selección nacional de fútbol de los Estados Unidos, y fue el hogar del ahora <head>difunto<head> club de la MLS, el Tampa Bay Mutiny.
extinto	finado	0	Además de partidos de fútbol americano, el estadio ha sido utilizado para una gran variedad de eventos, entre los que se destacan varios partidos de la selección nacional de fútbol de los Estados Unidos, y fue el hogar del ahora <head>difunto<head> club de la MLS, el Tampa Bay Mutiny.
finado	extinto	1	Además de partidos de fútbol americano, el estadio ha sido utilizado para una gran variedad de eventos, entre los que se destacan varios partidos de la selección nacional de fútbol de los Estados Unidos, y fue el hogar del ahora <head>difunto<head> club de la MLS, el Tampa Bay Mutiny.
extinto	desaparecido	0	Además de partidos de fútbol americano, el estadio ha sido utilizado para una gran variedad de eventos, entre los que se destacan varios partidos de la selección nacional de fútbol de los Estados Unidos, y fue el hogar del ahora <head>difunto<head> club de la MLS, el Tampa Bay Mutiny.
desaparecido	extinto	1	Además de partidos de fútbol americano, el estadio ha sido utilizado para una gran variedad de eventos, entre los que se destacan varios partidos de la selección nacional de fútbol de los Estados Unidos, y fue el hogar del ahora <head>difunto<head> club de la MLS, el Tampa Bay Mutiny.
extinto	inexistente	0	Además de partidos de fútbol americano, el estadio ha sido utilizado para una gran variedad de eventos, entre los que se destacan varios partidos de la selección nacional de fútbol de los Estados Unidos, y fue el hogar del ahora <head>difunto<head> club de la MLS, el Tampa Bay Mutiny.
inexistente	extinto	1	Además de partidos de fútbol americano, el estadio ha sido utilizado para una gran variedad de eventos, entre los que se destacan varios partidos de la selección nacional de fútbol de los Estados Unidos, y fue el hogar del ahora <head>difunto<head> club de la MLS, el Tampa Bay Mutiny.
extinto	inactivo	0	Además de partidos de fútbol americano, el estadio ha sido utilizado para una gran variedad de eventos, entre los que se destacan varios partidos de la selección nacional de fútbol de los Estados Unidos, y fue el hogar del ahora <head>difunto<head> club de la MLS, el Tampa Bay Mutiny.
inactivo	extinto	1	Además de partidos de fútbol americano, el estadio ha sido utilizado para una gran variedad de eventos, entre los que se destacan varios partidos de la selección nacional de fútbol de los Estados Unidos, y fue el hogar del ahora <head>difunto<head> club de la MLS, el Tampa Bay Mutiny.
muerto	finado	0	Además de partidos de fútbol americano, el estadio ha sido utilizado para una gran variedad de eventos, entre los que se destacan varios partidos de la selección nacional de fútbol de los Estados Unidos, y fue el hogar del ahora <head>difunto<head> club de la MLS, el Tampa Bay Mutiny.
finado	muerto	1	Además de partidos de fútbol americano, el estadio ha sido utilizado para una gran variedad de eventos, entre los que se destacan varios partidos de la selección nacional de fútbol de los Estados Unidos, y fue el hogar del ahora <head>difunto<head> club de la MLS, el Tampa Bay Mutiny.
fallecido	desaparecido	0	Además de partidos de fútbol americano, el estadio ha sido utilizado para una gran variedad de eventos, entre los que se destacan varios partidos de la selección nacional de fútbol de los Estados Unidos, y fue el hogar del ahora <head>difunto<head> club de la MLS, el Tampa Bay Mutiny.
desaparecido	fallecido	1	Además de partidos de fútbol americano, el estadio ha sido utilizado para una gran variedad de eventos, entre los que se destacan varios partidos de la selección nacional de fútbol de los Estados Unidos, y fue el hogar del ahora <head>difunto<head> club de la MLS, el Tampa Bay Mutiny.
muerto	inexistente	0	Además de partidos de fútbol americano, el estadio ha sido utilizado para una gran variedad de eventos, entre los que se destacan varios partidos de la selección nacional de fútbol de los Estados Unidos, y fue el hogar del ahora <head>difunto<head> club de la MLS, el Tampa Bay Mutiny.
inexistente	muerto	1	Además de partidos de fútbol americano, el estadio ha sido utilizado para una gran variedad de eventos, entre los que se destacan varios partidos de la selección nacional de fútbol de los Estados Unidos, y fue el hogar del ahora <head>difunto<head> club de la MLS, el Tampa Bay Mutiny.
muerto	acabado	0	Además de partidos de fútbol americano, el estadio ha sido utilizado para una gran variedad de eventos, entre los que se destacan varios partidos de la selección nacional de fútbol de los Estados Unidos, y fue el hogar del ahora <head>difunto<head> club de la MLS, el Tampa Bay Mutiny.
acabado	muerto	1	Además de partidos de fútbol americano, el estadio ha sido utilizado para una gran variedad de eventos, entre los que se destacan varios partidos de la selección nacional de fútbol de los Estados Unidos, y fue el hogar del ahora <head>difunto<head> club de la MLS, el Tampa Bay Mutiny.
muerto	inactivo	0	Además de partidos de fútbol americano, el estadio ha sido utilizado para una gran variedad de eventos, entre los que se destacan varios partidos de la selección nacional de fútbol de los Estados Unidos, y fue el hogar del ahora <head>difunto<head> club de la MLS, el Tampa Bay Mutiny.
inactivo	muerto	1	Además de partidos de fútbol americano, el estadio ha sido utilizado para una gran variedad de eventos, entre los que se destacan varios partidos de la selección nacional de fútbol de los Estados Unidos, y fue el hogar del ahora <head>difunto<head> club de la MLS, el Tampa Bay Mutiny.
fallecido	inexistente	0	Además de partidos de fútbol americano, el estadio ha sido utilizado para una gran variedad de eventos, entre los que se destacan varios partidos de la selección nacional de fútbol de los Estados Unidos, y fue el hogar del ahora <head>difunto<head> club de la MLS, el Tampa Bay Mutiny.
inexistente	fallecido	1	Además de partidos de fútbol americano, el estadio ha sido utilizado para una gran variedad de eventos, entre los que se destacan varios partidos de la selección nacional de fútbol de los Estados Unidos, y fue el hogar del ahora <head>difunto<head> club de la MLS, el Tampa Bay Mutiny.
finado	desaparecido	0	Además de partidos de fútbol americano, el estadio ha sido utilizado para una gran variedad de eventos, entre los que se destacan varios partidos de la selección nacional de fútbol de los Estados Unidos, y fue el hogar del ahora <head>difunto<head> club de la MLS, el Tampa Bay Mutiny.
desaparecido	finado	1	Además de partidos de fútbol americano, el estadio ha sido utilizado para una gran variedad de eventos, entre los que se destacan varios partidos de la selección nacional de fútbol de los Estados Unidos, y fue el hogar del ahora <head>difunto<head> club de la MLS, el Tampa Bay Mutiny.
finado	inexistente	0	Además de partidos de fútbol americano, el estadio ha sido utilizado para una gran variedad de eventos, entre los que se destacan varios partidos de la selección nacional de fútbol de los Estados Unidos, y fue el hogar del ahora <head>difunto<head> club de la MLS, el Tampa Bay Mutiny.
inexistente	finado	1	Además de partidos de fútbol americano, el estadio ha sido utilizado para una gran variedad de eventos, entre los que se destacan varios partidos de la selección nacional de fútbol de los Estados Unidos, y fue el hogar del ahora <head>difunto<head> club de la MLS, el Tampa Bay Mutiny.
finado	acabado	0	Además de partidos de fútbol americano, el estadio ha sido utilizado para una gran variedad de eventos, entre los que se destacan varios partidos de la selección nacional de fútbol de los Estados Unidos, y fue el hogar del ahora <head>difunto<head> club de la MLS, el Tampa Bay Mutiny.
acabado	finado	1	Además de partidos de fútbol americano, el estadio ha sido utilizado para una gran variedad de eventos, entre los que se destacan varios partidos de la selección nacional de fútbol de los Estados Unidos, y fue el hogar del ahora <head>difunto<head> club de la MLS, el Tampa Bay Mutiny.
finado	inactivo	0	Además de partidos de fútbol americano, el estadio ha sido utilizado para una gran variedad de eventos, entre los que se destacan varios partidos de la selección nacional de fútbol de los Estados Unidos, y fue el hogar del ahora <head>difunto<head> club de la MLS, el Tampa Bay Mutiny.
inactivo	finado	1	Además de partidos de fútbol americano, el estadio ha sido utilizado para una gran variedad de eventos, entre los que se destacan varios partidos de la selección nacional de fútbol de los Estados Unidos, y fue el hogar del ahora <head>difunto<head> club de la MLS, el Tampa Bay Mutiny.
desaparecido	inexistente	0	Además de partidos de fútbol americano, el estadio ha sido utilizado para una gran variedad de eventos, entre los que se destacan varios partidos de la selección nacional de fútbol de los Estados Unidos, y fue el hogar del ahora <head>difunto<head> club de la MLS, el Tampa Bay Mutiny.
inexistente	desaparecido	1	Además de partidos de fútbol americano, el estadio ha sido utilizado para una gran variedad de eventos, entre los que se destacan varios partidos de la selección nacional de fútbol de los Estados Unidos, y fue el hogar del ahora <head>difunto<head> club de la MLS, el Tampa Bay Mutiny.
desaparecido	inactivo	0	Además de partidos de fútbol americano, el estadio ha sido utilizado para una gran variedad de eventos, entre los que se destacan varios partidos de la selección nacional de fútbol de los Estados Unidos, y fue el hogar del ahora <head>difunto<head> club de la MLS, el Tampa Bay Mutiny.
inactivo	desaparecido	1	Además de partidos de fútbol americano, el estadio ha sido utilizado para una gran variedad de eventos, entre los que se destacan varios partidos de la selección nacional de fútbol de los Estados Unidos, y fue el hogar del ahora <head>difunto<head> club de la MLS, el Tampa Bay Mutiny.
adaptarse	incorporarse	0	Sufrió una importante reducción en su capacidad para poder <head>acogerse<head> a las normas de la FIFA para los estadios de fútbol.
incorporarse	adaptarse	1	Sufrió una importante reducción en su capacidad para poder <head>acogerse<head> a las normas de la FIFA para los estadios de fútbol.
adaptarse	apegarse	0	Sufrió una importante reducción en su capacidad para poder <head>acogerse<head> a las normas de la FIFA para los estadios de fútbol.
apegarse	adaptarse	1	Sufrió una importante reducción en su capacidad para poder <head>acogerse<head> a las normas de la FIFA para los estadios de fútbol.
adaptarse	aceptar	0	Sufrió una importante reducción en su capacidad para poder <head>acogerse<head> a las normas de la FIFA para los estadios de fútbol.
aceptar	adaptarse	1	Sufrió una importante reducción en su capacidad para poder <head>acogerse<head> a las normas de la FIFA para los estadios de fútbol.
adaptarse	sumarse	0	Sufrió una importante reducción en su capacidad para poder <head>acogerse<head> a las normas de la FIFA para los estadios de fútbol.
sumarse	adaptarse	1	Sufrió una importante reducción en su capacidad para poder <head>acogerse<head> a las normas de la FIFA para los estadios de fútbol.
adaptarse	obedecer	0	Sufrió una importante reducción en su capacidad para poder <head>acogerse<head> a las normas de la FIFA para los estadios de fútbol.
obedecer	adaptarse	1	Sufrió una importante reducción en su capacidad para poder <head>acogerse<head> a las normas de la FIFA para los estadios de fútbol.
adaptarse	asimilarse	0	Sufrió una importante reducción en su capacidad para poder <head>acogerse<head> a las normas de la FIFA para los estadios de fútbol.
asimilarse	adaptarse	1	Sufrió una importante reducción en su capacidad para poder <head>acogerse<head> a las normas de la FIFA para los estadios de fútbol.
adaptarse	aplicarse	0	Sufrió una importante reducción en su capacidad para poder <head>acogerse<head> a las normas de la FIFA para los estadios de fútbol.
aplicarse	adaptarse	1	Sufrió una importante reducción en su capacidad para poder <head>acogerse<head> a las normas de la FIFA para los estadios de fútbol.
adaptarse	aceptarse	0	Sufrió una importante reducción en su capacidad para poder <head>acogerse<head> a las normas de la FIFA para los estadios de fútbol.
aceptarse	adaptarse	1	Sufrió una importante reducción en su capacidad para poder <head>acogerse<head> a las normas de la FIFA para los estadios de fútbol.
adaptarse	recurrir	0	Sufrió una importante reducción en su capacidad para poder <head>acogerse<head> a las normas de la FIFA para los estadios de fútbol.
recurrir	adaptarse	1	Sufrió una importante reducción en su capacidad para poder <head>acogerse<head> a las normas de la FIFA para los estadios de fútbol.
adaptarse	cumplir con	0	Sufrió una importante reducción en su capacidad para poder <head>acogerse<head> a las normas de la FIFA para los estadios de fútbol.
cumplir con	adaptarse	1	Sufrió una importante reducción en su capacidad para poder <head>acogerse<head> a las normas de la FIFA para los estadios de fútbol.
adaptarse	admitirse	0	Sufrió una importante reducción en su capacidad para poder <head>acogerse<head> a las normas de la FIFA para los estadios de fútbol.
admitirse	adaptarse	1	Sufrió una importante reducción en su capacidad para poder <head>acogerse<head> a las normas de la FIFA para los estadios de fútbol.
incorporarse	sumarse	0	Sufrió una importante reducción en su capacidad para poder <head>acogerse<head> a las normas de la FIFA para los estadios de fútbol.
sumarse	incorporarse	1	Sufrió una importante reducción en su capacidad para poder <head>acogerse<head> a las normas de la FIFA para los estadios de fútbol.
incorporarse	obedecer	0	Sufrió una importante reducción en su capacidad para poder <head>acogerse<head> a las normas de la FIFA para los estadios de fútbol.
obedecer	incorporarse	1	Sufrió una importante reducción en su capacidad para poder <head>acogerse<head> a las normas de la FIFA para los estadios de fútbol.
incorporarse	aplicarse	0	Sufrió una importante reducción en su capacidad para poder <head>acogerse<head> a las normas de la FIFA para los estadios de fútbol.
aplicarse	incorporarse	1	Sufrió una importante reducción en su capacidad para poder <head>acogerse<head> a las normas de la FIFA para los estadios de fútbol.
incorporarse	aceptarse	0	Sufrió una importante reducción en su capacidad para poder <head>acogerse<head> a las normas de la FIFA para los estadios de fútbol.
aceptarse	incorporarse	1	Sufrió una importante reducción en su capacidad para poder <head>acogerse<head> a las normas de la FIFA para los estadios de fútbol.
incorporarse	amparar	0	Sufrió una importante reducción en su capacidad para poder <head>acogerse<head> a las normas de la FIFA para los estadios de fútbol.
amparar	incorporarse	1	Sufrió una importante reducción en su capacidad para poder <head>acogerse<head> a las normas de la FIFA para los estadios de fútbol.
incorporarse	recurrir	0	Sufrió una importante reducción en su capacidad para poder <head>acogerse<head> a las normas de la FIFA para los estadios de fútbol.
recurrir	incorporarse	1	Sufrió una importante reducción en su capacidad para poder <head>acogerse<head> a las normas de la FIFA para los estadios de fútbol.
incorporarse	cumplir con	0	Sufrió una importante reducción en su capacidad para poder <head>acogerse<head> a las normas de la FIFA para los estadios de fútbol.
cumplir con	incorporarse	1	Sufrió una importante reducción en su capacidad para poder <head>acogerse<head> a las normas de la FIFA para los estadios de fútbol.
incorporarse	admitirse	0	Sufrió una importante reducción en su capacidad para poder <head>acogerse<head> a las normas de la FIFA para los estadios de fútbol.
admitirse	incorporarse	1	Sufrió una importante reducción en su capacidad para poder <head>acogerse<head> a las normas de la FIFA para los estadios de fútbol.
apegarse	sumarse	0	Sufrió una importante reducción en su capacidad para poder <head>acogerse<head> a las normas de la FIFA para los estadios de fútbol.
sumarse	apegarse	1	Sufrió una importante reducción en su capacidad para poder <head>acogerse<head> a las normas de la FIFA para los estadios de fútbol.
apegarse	aplicarse	0	Sufrió una importante reducción en su capacidad para poder <head>acogerse<head> a las normas de la FIFA para los estadios de fútbol.
aplicarse	apegarse	1	Sufrió una importante reducción en su capacidad para poder <head>acogerse<head> a las normas de la FIFA para los estadios de fútbol.
apegarse	aceptarse	0	Sufrió una importante reducción en su capacidad para poder <head>acogerse<head> a las normas de la FIFA para los estadios de fútbol.
aceptarse	apegarse	1	Sufrió una importante reducción en su capacidad para poder <head>acogerse<head> a las normas de la FIFA para los estadios de fútbol.
apegarse	amparar	0	Sufrió una importante reducción en su capacidad para poder <head>acogerse<head> a las normas de la FIFA para los estadios de fútbol.
amparar	apegarse	1	Sufrió una importante reducción en su capacidad para poder <head>acogerse<head> a las normas de la FIFA para los estadios de fútbol.
apegarse	recurrir	0	Sufrió una importante reducción en su capacidad para poder <head>acogerse<head> a las normas de la FIFA para los estadios de fútbol.
recurrir	apegarse	1	Sufrió una importante reducción en su capacidad para poder <head>acogerse<head> a las normas de la FIFA para los estadios de fútbol.
apegarse	admitirse	0	Sufrió una importante reducción en su capacidad para poder <head>acogerse<head> a las normas de la FIFA para los estadios de fútbol.
admitirse	apegarse	1	Sufrió una importante reducción en su capacidad para poder <head>acogerse<head> a las normas de la FIFA para los estadios de fútbol.
ampararse	sumarse	0	Sufrió una importante reducción en su capacidad para poder <head>acogerse<head> a las normas de la FIFA para los estadios de fútbol.
sumarse	ampararse	1	Sufrió una importante reducción en su capacidad para poder <head>acogerse<head> a las normas de la FIFA para los estadios de fútbol.
ampararse	aceptarse	0	Sufrió una importante reducción en su capacidad para poder <head>acogerse<head> a las normas de la FIFA para los estadios de fútbol.
aceptarse	ampararse	1	Sufrió una importante reducción en su capacidad para poder <head>acogerse<head> a las normas de la FIFA para los estadios de fútbol.
ampararse	amparar	0	Sufrió una importante reducción en su capacidad para poder <head>acogerse<head> a las normas de la FIFA para los estadios de fútbol.
amparar	ampararse	1	Sufrió una importante reducción en su capacidad para poder <head>acogerse<head> a las normas de la FIFA para los estadios de fútbol.
ampararse	recurrir	0	Sufrió una importante reducción en su capacidad para poder <head>acogerse<head> a las normas de la FIFA para los estadios de fútbol.
recurrir	ampararse	1	Sufrió una importante reducción en su capacidad para poder <head>acogerse<head> a las normas de la FIFA para los estadios de fútbol.
ampararse	admitirse	0	Sufrió una importante reducción en su capacidad para poder <head>acogerse<head> a las normas de la FIFA para los estadios de fútbol.
admitirse	ampararse	1	Sufrió una importante reducción en su capacidad para poder <head>acogerse<head> a las normas de la FIFA para los estadios de fútbol.
aceptar	sumarse	0	Sufrió una importante reducción en su capacidad para poder <head>acogerse<head> a las normas de la FIFA para los estadios de fútbol.
sumarse	aceptar	1	Sufrió una importante reducción en su capacidad para poder <head>acogerse<head> a las normas de la FIFA para los estadios de fútbol.
aceptar	obedecer	0	Sufrió una importante reducción en su capacidad para poder <head>acogerse<head> a las normas de la FIFA para los estadios de fútbol.
obedecer	aceptar	1	Sufrió una importante reducción en su capacidad para poder <head>acogerse<head> a las normas de la FIFA para los estadios de fútbol.
aceptar	asimilarse	0	Sufrió una importante reducción en su capacidad para poder <head>acogerse<head> a las normas de la FIFA para los estadios de fútbol.
asimilarse	aceptar	1	Sufrió una importante reducción en su capacidad para poder <head>acogerse<head> a las normas de la FIFA para los estadios de fútbol.
aceptar	aplicarse	0	Sufrió una importante reducción en su capacidad para poder <head>acogerse<head> a las normas de la FIFA para los estadios de fútbol.
aplicarse	aceptar	1	Sufrió una importante reducción en su capacidad para poder <head>acogerse<head> a las normas de la FIFA para los estadios de fútbol.
aceptar	aceptarse	0	Sufrió una importante reducción en su capacidad para poder <head>acogerse<head> a las normas de la FIFA para los estadios de fútbol.
aceptarse	aceptar	1	Sufrió una importante reducción en su capacidad para poder <head>acogerse<head> a las normas de la FIFA para los estadios de fútbol.
aceptar	amparar	0	Sufrió una importante reducción en su capacidad para poder <head>acogerse<head> a las normas de la FIFA para los estadios de fútbol.
amparar	aceptar	1	Sufrió una importante reducción en su capacidad para poder <head>acogerse<head> a las normas de la FIFA para los estadios de fútbol.
aceptar	cumplir con	0	Sufrió una importante reducción en su capacidad para poder <head>acogerse<head> a las normas de la FIFA para los estadios de fútbol.
cumplir con	aceptar	1	Sufrió una importante reducción en su capacidad para poder <head>acogerse<head> a las normas de la FIFA para los estadios de fútbol.
refugiarse	sumarse	0	Sufrió una importante reducción en su capacidad para poder <head>acogerse<head> a las normas de la FIFA para los estadios de fútbol.
sumarse	refugiarse	1	Sufrió una importante reducción en su capacidad para poder <head>acogerse<head> a las normas de la FIFA para los estadios de fútbol.
refugiarse	obedecer	0	Sufrió una importante reducción en su capacidad para poder <head>acogerse<head> a las normas de la FIFA para los estadios de fútbol.
obedecer	refugiarse	1	Sufrió una importante reducción en su capacidad para poder <head>acogerse<head> a las normas de la FIFA para los estadios de fútbol.
refugiarse	asimilarse	0	Sufrió una importante reducción en su capacidad para poder <head>acogerse<head> a las normas de la FIFA para los estadios de fútbol.
asimilarse	refugiarse	1	Sufrió una importante reducción en su capacidad para poder <head>acogerse<head> a las normas de la FIFA para los estadios de fútbol.
refugiarse	aplicarse	0	Sufrió una importante reducción en su capacidad para poder <head>acogerse<head> a las normas de la FIFA para los estadios de fútbol.
aplicarse	refugiarse	1	Sufrió una importante reducción en su capacidad para poder <head>acogerse<head> a las normas de la FIFA para los estadios de fútbol.
refugiarse	aceptarse	0	Sufrió una importante reducción en su capacidad para poder <head>acogerse<head> a las normas de la FIFA para los estadios de fútbol.
aceptarse	refugiarse	1	Sufrió una importante reducción en su capacidad para poder <head>acogerse<head> a las normas de la FIFA para los estadios de fútbol.
refugiarse	amparar	0	Sufrió una importante reducción en su capacidad para poder <head>acogerse<head> a las normas de la FIFA para los estadios de fútbol.
amparar	refugiarse	1	Sufrió una importante reducción en su capacidad para poder <head>acogerse<head> a las normas de la FIFA para los estadios de fútbol.
refugiarse	recurrir	0	Sufrió una importante reducción en su capacidad para poder <head>acogerse<head> a las normas de la FIFA para los estadios de fútbol.
recurrir	refugiarse	1	Sufrió una importante reducción en su capacidad para poder <head>acogerse<head> a las normas de la FIFA para los estadios de fútbol.
refugiarse	cumplir con	0	Sufrió una importante reducción en su capacidad para poder <head>acogerse<head> a las normas de la FIFA para los estadios de fútbol.
cumplir con	refugiarse	1	Sufrió una importante reducción en su capacidad para poder <head>acogerse<head> a las normas de la FIFA para los estadios de fútbol.
refugiarse	admitirse	0	Sufrió una importante reducción en su capacidad para poder <head>acogerse<head> a las normas de la FIFA para los estadios de fútbol.
admitirse	refugiarse	1	Sufrió una importante reducción en su capacidad para poder <head>acogerse<head> a las normas de la FIFA para los estadios de fútbol.
desprestigiados	difamados	0	El texto denominado "Lamentos de Ipuwer" describe una situación caótica: reyes <head>desacreditados<head>, invasión asiática del Delta, desórdenes revolucionarios, destrucción de archivos y tumbas reales, ateísmo y divulgación de secretos religiosos.
difamados	desprestigiados	1	El texto denominado "Lamentos de Ipuwer" describe una situación caótica: reyes <head>desacreditados<head>, invasión asiática del Delta, desórdenes revolucionarios, destrucción de archivos y tumbas reales, ateísmo y divulgación de secretos religiosos.
desprestigiados	malos	0	El texto denominado "Lamentos de Ipuwer" describe una situación caótica: reyes <head>desacreditados<head>, invasión asiática del Delta, desórdenes revolucionarios, destrucción de archivos y tumbas reales, ateísmo y divulgación de secretos religiosos.
malos	desprestigiados	1	El texto denominado "Lamentos de Ipuwer" describe una situación caótica: reyes <head>desacreditados<head>, invasión asiática del Delta, desórdenes revolucionarios, destrucción de archivos y tumbas reales, ateísmo y divulgación de secretos religiosos.
desprestigiados	desprestigiado	0	El texto denominado "Lamentos de Ipuwer" describe una situación caótica: reyes <head>desacreditados<head>, invasión asiática del Delta, desórdenes revolucionarios, destrucción de archivos y tumbas reales, ateísmo y divulgación de secretos religiosos.
desprestigiado	desprestigiados	1	El texto denominado "Lamentos de Ipuwer" describe una situación caótica: reyes <head>desacreditados<head>, invasión asiática del Delta, desórdenes revolucionarios, destrucción de archivos y tumbas reales, ateísmo y divulgación de secretos religiosos.
desprestigiados	demeritados	0	El texto denominado "Lamentos de Ipuwer" describe una situación caótica: reyes <head>desacreditados<head>, invasión asiática del Delta, desórdenes revolucionarios, destrucción de archivos y tumbas reales, ateísmo y divulgación de secretos religiosos.
demeritados	desprestigiados	1	El texto denominado "Lamentos de Ipuwer" describe una situación caótica: reyes <head>desacreditados<head>, invasión asiática del Delta, desórdenes revolucionarios, destrucción de archivos y tumbas reales, ateísmo y divulgación de secretos religiosos.
desprestigiados	sin prestigio	0	El texto denominado "Lamentos de Ipuwer" describe una situación caótica: reyes <head>desacreditados<head>, invasión asiática del Delta, desórdenes revolucionarios, destrucción de archivos y tumbas reales, ateísmo y divulgación de secretos religiosos.
sin prestigio	desprestigiados	1	El texto denominado "Lamentos de Ipuwer" describe una situación caótica: reyes <head>desacreditados<head>, invasión asiática del Delta, desórdenes revolucionarios, destrucción de archivos y tumbas reales, ateísmo y divulgación de secretos religiosos.
desprestigiados	olvidados	0	El texto denominado "Lamentos de Ipuwer" describe una situación caótica: reyes <head>desacreditados<head>, invasión asiática del Delta, desórdenes revolucionarios, destrucción de archivos y tumbas reales, ateísmo y divulgación de secretos religiosos.
olvidados	desprestigiados	1	El texto denominado "Lamentos de Ipuwer" describe una situación caótica: reyes <head>desacreditados<head>, invasión asiática del Delta, desórdenes revolucionarios, destrucción de archivos y tumbas reales, ateísmo y divulgación de secretos religiosos.
desprestigiados	denigrados	0	El texto denominado "Lamentos de Ipuwer" describe una situación caótica: reyes <head>desacreditados<head>, invasión asiática del Delta, desórdenes revolucionarios, destrucción de archivos y tumbas reales, ateísmo y divulgación de secretos religiosos.
denigrados	desprestigiados	1	El texto denominado "Lamentos de Ipuwer" describe una situación caótica: reyes <head>desacreditados<head>, invasión asiática del Delta, desórdenes revolucionarios, destrucción de archivos y tumbas reales, ateísmo y divulgación de secretos religiosos.
difamados	desprestigiado	0	El texto denominado "Lamentos de Ipuwer" describe una situación caótica: reyes <head>desacreditados<head>, invasión asiática del Delta, desórdenes revolucionarios, destrucción de archivos y tumbas reales, ateísmo y divulgación de secretos religiosos.
desprestigiado	difamados	1	El texto denominado "Lamentos de Ipuwer" describe una situación caótica: reyes <head>desacreditados<head>, invasión asiática del Delta, desórdenes revolucionarios, destrucción de archivos y tumbas reales, ateísmo y divulgación de secretos religiosos.
difamados	demeritados	0	El texto denominado "Lamentos de Ipuwer" describe una situación caótica: reyes <head>desacreditados<head>, invasión asiática del Delta, desórdenes revolucionarios, destrucción de archivos y tumbas reales, ateísmo y divulgación de secretos religiosos.
demeritados	difamados	1	El texto denominado "Lamentos de Ipuwer" describe una situación caótica: reyes <head>desacreditados<head>, invasión asiática del Delta, desórdenes revolucionarios, destrucción de archivos y tumbas reales, ateísmo y divulgación de secretos religiosos.
difamados	desmentidos	0	El texto denominado "Lamentos de Ipuwer" describe una situación caótica: reyes <head>desacreditados<head>, invasión asiática del Delta, desórdenes revolucionarios, destrucción de archivos y tumbas reales, ateísmo y divulgación de secretos religiosos.
desmentidos	difamados	1	El texto denominado "Lamentos de Ipuwer" describe una situación caótica: reyes <head>desacreditados<head>, invasión asiática del Delta, desórdenes revolucionarios, destrucción de archivos y tumbas reales, ateísmo y divulgación de secretos religiosos.
difamados	sin prestigio	0	El texto denominado "Lamentos de Ipuwer" describe una situación caótica: reyes <head>desacreditados<head>, invasión asiática del Delta, desórdenes revolucionarios, destrucción de archivos y tumbas reales, ateísmo y divulgación de secretos religiosos.
sin prestigio	difamados	1	El texto denominado "Lamentos de Ipuwer" describe una situación caótica: reyes <head>desacreditados<head>, invasión asiática del Delta, desórdenes revolucionarios, destrucción de archivos y tumbas reales, ateísmo y divulgación de secretos religiosos.
difamados	olvidados	0	El texto denominado "Lamentos de Ipuwer" describe una situación caótica: reyes <head>desacreditados<head>, invasión asiática del Delta, desórdenes revolucionarios, destrucción de archivos y tumbas reales, ateísmo y divulgación de secretos religiosos.
olvidados	difamados	1	El texto denominado "Lamentos de Ipuwer" describe una situación caótica: reyes <head>desacreditados<head>, invasión asiática del Delta, desórdenes revolucionarios, destrucción de archivos y tumbas reales, ateísmo y divulgación de secretos religiosos.
desacreditados	malos	0	El texto denominado "Lamentos de Ipuwer" describe una situación caótica: reyes <head>desacreditados<head>, invasión asiática del Delta, desórdenes revolucionarios, destrucción de archivos y tumbas reales, ateísmo y divulgación de secretos religiosos.
malos	desacreditados	1	El texto denominado "Lamentos de Ipuwer" describe una situación caótica: reyes <head>desacreditados<head>, invasión asiática del Delta, desórdenes revolucionarios, destrucción de archivos y tumbas reales, ateísmo y divulgación de secretos religiosos.
desacreditados	desprestigiado	0	El texto denominado "Lamentos de Ipuwer" describe una situación caótica: reyes <head>desacreditados<head>, invasión asiática del Delta, desórdenes revolucionarios, destrucción de archivos y tumbas reales, ateísmo y divulgación de secretos religiosos.
desprestigiado	desacreditados	1	El texto denominado "Lamentos de Ipuwer" describe una situación caótica: reyes <head>desacreditados<head>, invasión asiática del Delta, desórdenes revolucionarios, destrucción de archivos y tumbas reales, ateísmo y divulgación de secretos religiosos.
desacreditados	demeritados	0	El texto denominado "Lamentos de Ipuwer" describe una situación caótica: reyes <head>desacreditados<head>, invasión asiática del Delta, desórdenes revolucionarios, destrucción de archivos y tumbas reales, ateísmo y divulgación de secretos religiosos.
demeritados	desacreditados	1	El texto denominado "Lamentos de Ipuwer" describe una situación caótica: reyes <head>desacreditados<head>, invasión asiática del Delta, desórdenes revolucionarios, destrucción de archivos y tumbas reales, ateísmo y divulgación de secretos religiosos.
desacreditados	desmentidos	0	El texto denominado "Lamentos de Ipuwer" describe una situación caótica: reyes <head>desacreditados<head>, invasión asiática del Delta, desórdenes revolucionarios, destrucción de archivos y tumbas reales, ateísmo y divulgación de secretos religiosos.
desmentidos	desacreditados	1	El texto denominado "Lamentos de Ipuwer" describe una situación caótica: reyes <head>desacreditados<head>, invasión asiática del Delta, desórdenes revolucionarios, destrucción de archivos y tumbas reales, ateísmo y divulgación de secretos religiosos.
desacreditados	olvidados	0	El texto denominado "Lamentos de Ipuwer" describe una situación caótica: reyes <head>desacreditados<head>, invasión asiática del Delta, desórdenes revolucionarios, destrucción de archivos y tumbas reales, ateísmo y divulgación de secretos religiosos.
olvidados	desacreditados	1	El texto denominado "Lamentos de Ipuwer" describe una situación caótica: reyes <head>desacreditados<head>, invasión asiática del Delta, desórdenes revolucionarios, destrucción de archivos y tumbas reales, ateísmo y divulgación de secretos religiosos.
desacreditados	denigrados	0	El texto denominado "Lamentos de Ipuwer" describe una situación caótica: reyes <head>desacreditados<head>, invasión asiática del Delta, desórdenes revolucionarios, destrucción de archivos y tumbas reales, ateísmo y divulgación de secretos religiosos.
denigrados	desacreditados	1	El texto denominado "Lamentos de Ipuwer" describe una situación caótica: reyes <head>desacreditados<head>, invasión asiática del Delta, desórdenes revolucionarios, destrucción de archivos y tumbas reales, ateísmo y divulgación de secretos religiosos.
prestigiosa	reconocida	0	Floreció en la época clásica y tenía una <head>reputada<head> escuela de filosofía.
reconocida	prestigiosa	1	Floreció en la época clásica y tenía una <head>reputada<head> escuela de filosofía.
prestigiosa	afamada	0	Floreció en la época clásica y tenía una <head>reputada<head> escuela de filosofía.
afamada	prestigiosa	1	Floreció en la época clásica y tenía una <head>reputada<head> escuela de filosofía.
prestigiosa	renombrada	0	Floreció en la época clásica y tenía una <head>reputada<head> escuela de filosofía.
renombrada	prestigiosa	1	Floreció en la época clásica y tenía una <head>reputada<head> escuela de filosofía.
prestigiosa	respetada	0	Floreció en la época clásica y tenía una <head>reputada<head> escuela de filosofía.
respetada	prestigiosa	1	Floreció en la época clásica y tenía una <head>reputada<head> escuela de filosofía.
prestigiosa	prestigioso	0	Floreció en la época clásica y tenía una <head>reputada<head> escuela de filosofía.
prestigioso	prestigiosa	1	Floreció en la época clásica y tenía una <head>reputada<head> escuela de filosofía.
prestigiosa	muy reconocida	0	Floreció en la época clásica y tenía una <head>reputada<head> escuela de filosofía.
muy reconocida	prestigiosa	1	Floreció en la época clásica y tenía una <head>reputada<head> escuela de filosofía.
prestigiosa	valorada	0	Floreció en la época clásica y tenía una <head>reputada<head> escuela de filosofía.
valorada	prestigiosa	1	Floreció en la época clásica y tenía una <head>reputada<head> escuela de filosofía.
prestigiosa	acreditada	0	Floreció en la época clásica y tenía una <head>reputada<head> escuela de filosofía.
acreditada	prestigiosa	1	Floreció en la época clásica y tenía una <head>reputada<head> escuela de filosofía.
prestigiosa	prestigiada	0	Floreció en la época clásica y tenía una <head>reputada<head> escuela de filosofía.
prestigiada	prestigiosa	1	Floreció en la época clásica y tenía una <head>reputada<head> escuela de filosofía.
famosa	reconocida	0	Floreció en la época clásica y tenía una <head>reputada<head> escuela de filosofía.
reconocida	famosa	1	Floreció en la época clásica y tenía una <head>reputada<head> escuela de filosofía.
famosa	afamada	0	Floreció en la época clásica y tenía una <head>reputada<head> escuela de filosofía.
afamada	famosa	1	Floreció en la época clásica y tenía una <head>reputada<head> escuela de filosofía.
famosa	conocida	0	Floreció en la época clásica y tenía una <head>reputada<head> escuela de filosofía.
conocida	famosa	1	Floreció en la época clásica y tenía una <head>reputada<head> escuela de filosofía.
famosa	renombrada	0	Floreció en la época clásica y tenía una <head>reputada<head> escuela de filosofía.
renombrada	famosa	1	Floreció en la época clásica y tenía una <head>reputada<head> escuela de filosofía.
famosa	prestigioso	0	Floreció en la época clásica y tenía una <head>reputada<head> escuela de filosofía.
prestigioso	famosa	1	Floreció en la época clásica y tenía una <head>reputada<head> escuela de filosofía.
famosa	muy reconocida	0	Floreció en la época clásica y tenía una <head>reputada<head> escuela de filosofía.
muy reconocida	famosa	1	Floreció en la época clásica y tenía una <head>reputada<head> escuela de filosofía.
famosa	valorada	0	Floreció en la época clásica y tenía una <head>reputada<head> escuela de filosofía.
valorada	famosa	1	Floreció en la época clásica y tenía una <head>reputada<head> escuela de filosofía.
famosa	acreditada	0	Floreció en la época clásica y tenía una <head>reputada<head> escuela de filosofía.
acreditada	famosa	1	Floreció en la época clásica y tenía una <head>reputada<head> escuela de filosofía.
famosa	prestigiada	0	Floreció en la época clásica y tenía una <head>reputada<head> escuela de filosofía.
prestigiada	famosa	1	Floreció en la época clásica y tenía una <head>reputada<head> escuela de filosofía.
reconocida	prestigioso	0	Floreció en la época clásica y tenía una <head>reputada<head> escuela de filosofía.
prestigioso	reconocida	1	Floreció en la época clásica y tenía una <head>reputada<head> escuela de filosofía.
reconocida	muy reconocida	0	Floreció en la época clásica y tenía una <head>reputada<head> escuela de filosofía.
muy reconocida	reconocida	1	Floreció en la época clásica y tenía una <head>reputada<head> escuela de filosofía.
reconocida	acreditada	0	Floreció en la época clásica y tenía una <head>reputada<head> escuela de filosofía.
acreditada	reconocida	1	Floreció en la época clásica y tenía una <head>reputada<head> escuela de filosofía.
reconocida	prestigiada	0	Floreció en la época clásica y tenía una <head>reputada<head> escuela de filosofía.
prestigiada	reconocida	1	Floreció en la época clásica y tenía una <head>reputada<head> escuela de filosofía.
afamada	muy reconocida	0	Floreció en la época clásica y tenía una <head>reputada<head> escuela de filosofía.
muy reconocida	afamada	1	Floreció en la época clásica y tenía una <head>reputada<head> escuela de filosofía.
afamada	acreditada	0	Floreció en la época clásica y tenía una <head>reputada<head> escuela de filosofía.
acreditada	afamada	1	Floreció en la época clásica y tenía una <head>reputada<head> escuela de filosofía.
afamada	prestigiada	0	Floreció en la época clásica y tenía una <head>reputada<head> escuela de filosofía.
prestigiada	afamada	1	Floreció en la época clásica y tenía una <head>reputada<head> escuela de filosofía.
conocida	prestigioso	0	Floreció en la época clásica y tenía una <head>reputada<head> escuela de filosofía.
prestigioso	conocida	1	Floreció en la época clásica y tenía una <head>reputada<head> escuela de filosofía.
conocida	valorada	0	Floreció en la época clásica y tenía una <head>reputada<head> escuela de filosofía.
valorada	conocida	1	Floreció en la época clásica y tenía una <head>reputada<head> escuela de filosofía.
conocida	acreditada	0	Floreció en la época clásica y tenía una <head>reputada<head> escuela de filosofía.
acreditada	conocida	1	Floreció en la época clásica y tenía una <head>reputada<head> escuela de filosofía.
conocida	prestigiada	0	Floreció en la época clásica y tenía una <head>reputada<head> escuela de filosofía.
prestigiada	conocida	1	Floreció en la época clásica y tenía una <head>reputada<head> escuela de filosofía.
renombrada	muy reconocida	0	Floreció en la época clásica y tenía una <head>reputada<head> escuela de filosofía.
muy reconocida	renombrada	1	Floreció en la época clásica y tenía una <head>reputada<head> escuela de filosofía.
renombrada	valorada	0	Floreció en la época clásica y tenía una <head>reputada<head> escuela de filosofía.
valorada	renombrada	1	Floreció en la época clásica y tenía una <head>reputada<head> escuela de filosofía.
renombrada	acreditada	0	Floreció en la época clásica y tenía una <head>reputada<head> escuela de filosofía.
acreditada	renombrada	1	Floreció en la época clásica y tenía una <head>reputada<head> escuela de filosofía.
renombrada	prestigiada	0	Floreció en la época clásica y tenía una <head>reputada<head> escuela de filosofía.
prestigiada	renombrada	1	Floreció en la época clásica y tenía una <head>reputada<head> escuela de filosofía.
respetada	prestigioso	0	Floreció en la época clásica y tenía una <head>reputada<head> escuela de filosofía.
prestigioso	respetada	1	Floreció en la época clásica y tenía una <head>reputada<head> escuela de filosofía.
respetada	acreditada	0	Floreció en la época clásica y tenía una <head>reputada<head> escuela de filosofía.
acreditada	respetada	1	Floreció en la época clásica y tenía una <head>reputada<head> escuela de filosofía.
respetada	prestigiada	0	Floreció en la época clásica y tenía una <head>reputada<head> escuela de filosofía.
prestigiada	respetada	1	Floreció en la época clásica y tenía una <head>reputada<head> escuela de filosofía.
rompieron	vencieron	0	Pocos días más tarde, el 8 de septiembre, durante los Campeonatos de Europa de Roma, las mismas integrantes ganaron el oro y <head>batieron<head> el récord mundial con 42,51.
vencieron	rompieron	1	Pocos días más tarde, el 8 de septiembre, durante los Campeonatos de Europa de Roma, las mismas integrantes ganaron el oro y <head>batieron<head> el récord mundial con 42,51.
rompieron	consiguieron	0	Pocos días más tarde, el 8 de septiembre, durante los Campeonatos de Europa de Roma, las mismas integrantes ganaron el oro y <head>batieron<head> el récord mundial con 42,51.
consiguieron	rompieron	1	Pocos días más tarde, el 8 de septiembre, durante los Campeonatos de Europa de Roma, las mismas integrantes ganaron el oro y <head>batieron<head> el récord mundial con 42,51.
rompieron	sobrepasaron	0	Pocos días más tarde, el 8 de septiembre, durante los Campeonatos de Europa de Roma, las mismas integrantes ganaron el oro y <head>batieron<head> el récord mundial con 42,51.
sobrepasaron	rompieron	1	Pocos días más tarde, el 8 de septiembre, durante los Campeonatos de Europa de Roma, las mismas integrantes ganaron el oro y <head>batieron<head> el récord mundial con 42,51.
rompieron	conquistaron	0	Pocos días más tarde, el 8 de septiembre, durante los Campeonatos de Europa de Roma, las mismas integrantes ganaron el oro y <head>batieron<head> el récord mundial con 42,51.
conquistaron	rompieron	1	Pocos días más tarde, el 8 de septiembre, durante los Campeonatos de Europa de Roma, las mismas integrantes ganaron el oro y <head>batieron<head> el récord mundial con 42,51.
rompieron	percutieron	0	Pocos días más tarde, el 8 de septiembre, durante los Campeonatos de Europa de Roma, las mismas integrantes ganaron el oro y <head>batieron<head> el récord mundial con 42,51.
percutieron	rompieron	1	Pocos días más tarde, el 8 de septiembre, durante los Campeonatos de Europa de Roma, las mismas integrantes ganaron el oro y <head>batieron<head> el récord mundial con 42,51.
rompieron	lograron	0	Pocos días más tarde, el 8 de septiembre, durante los Campeonatos de Europa de Roma, las mismas integrantes ganaron el oro y <head>batieron<head> el récord mundial con 42,51.
lograron	rompieron	1	Pocos días más tarde, el 8 de septiembre, durante los Campeonatos de Europa de Roma, las mismas integrantes ganaron el oro y <head>batieron<head> el récord mundial con 42,51.
vencieron	superaron	0	Pocos días más tarde, el 8 de septiembre, durante los Campeonatos de Europa de Roma, las mismas integrantes ganaron el oro y <head>batieron<head> el récord mundial con 42,51.
superaron	vencieron	1	Pocos días más tarde, el 8 de septiembre, durante los Campeonatos de Europa de Roma, las mismas integrantes ganaron el oro y <head>batieron<head> el récord mundial con 42,51.
vencieron	sobrepasaron	0	Pocos días más tarde, el 8 de septiembre, durante los Campeonatos de Europa de Roma, las mismas integrantes ganaron el oro y <head>batieron<head> el récord mundial con 42,51.
sobrepasaron	vencieron	1	Pocos días más tarde, el 8 de septiembre, durante los Campeonatos de Europa de Roma, las mismas integrantes ganaron el oro y <head>batieron<head> el récord mundial con 42,51.
vencieron	conquistaron	0	Pocos días más tarde, el 8 de septiembre, durante los Campeonatos de Europa de Roma, las mismas integrantes ganaron el oro y <head>batieron<head> el récord mundial con 42,51.
conquistaron	vencieron	1	Pocos días más tarde, el 8 de septiembre, durante los Campeonatos de Europa de Roma, las mismas integrantes ganaron el oro y <head>batieron<head> el récord mundial con 42,51.
vencieron	percutieron	0	Pocos días más tarde, el 8 de septiembre, durante los Campeonatos de Europa de Roma, las mismas integrantes ganaron el oro y <head>batieron<head> el récord mundial con 42,51.
percutieron	vencieron	1	Pocos días más tarde, el 8 de septiembre, durante los Campeonatos de Europa de Roma, las mismas integrantes ganaron el oro y <head>batieron<head> el récord mundial con 42,51.
vencieron	mejoraron	0	Pocos días más tarde, el 8 de septiembre, durante los Campeonatos de Europa de Roma, las mismas integrantes ganaron el oro y <head>batieron<head> el récord mundial con 42,51.
mejoraron	vencieron	1	Pocos días más tarde, el 8 de septiembre, durante los Campeonatos de Europa de Roma, las mismas integrantes ganaron el oro y <head>batieron<head> el récord mundial con 42,51.
vencieron	alcanzaron	0	Pocos días más tarde, el 8 de septiembre, durante los Campeonatos de Europa de Roma, las mismas integrantes ganaron el oro y <head>batieron<head> el récord mundial con 42,51.
alcanzaron	vencieron	1	Pocos días más tarde, el 8 de septiembre, durante los Campeonatos de Europa de Roma, las mismas integrantes ganaron el oro y <head>batieron<head> el récord mundial con 42,51.
vencieron	lograron	0	Pocos días más tarde, el 8 de septiembre, durante los Campeonatos de Europa de Roma, las mismas integrantes ganaron el oro y <head>batieron<head> el récord mundial con 42,51.
lograron	vencieron	1	Pocos días más tarde, el 8 de septiembre, durante los Campeonatos de Europa de Roma, las mismas integrantes ganaron el oro y <head>batieron<head> el récord mundial con 42,51.
clasifique	categorice	0	Según algunos estudios se hace referencia a que la obra de construcción de la iglesia es anterior al S. XIV, pero debido a una gran reforma que sufrió entre los siglos XV y XVI que le da su imagen actual (excepto la fachada) hace que se <head>catalogue<head> como construida en el S. XVI.
categorice	clasifique	1	Según algunos estudios se hace referencia a que la obra de construcción de la iglesia es anterior al S. XIV, pero debido a una gran reforma que sufrió entre los siglos XV y XVI que le da su imagen actual (excepto la fachada) hace que se <head>catalogue<head> como construida en el S. XVI.
clasifique	determine	0	Según algunos estudios se hace referencia a que la obra de construcción de la iglesia es anterior al S. XIV, pero debido a una gran reforma que sufrió entre los siglos XV y XVI que le da su imagen actual (excepto la fachada) hace que se <head>catalogue<head> como construida en el S. XVI.
determine	clasifique	1	Según algunos estudios se hace referencia a que la obra de construcción de la iglesia es anterior al S. XIV, pero debido a una gran reforma que sufrió entre los siglos XV y XVI que le da su imagen actual (excepto la fachada) hace que se <head>catalogue<head> como construida en el S. XVI.
clasifique	entre	0	Según algunos estudios se hace referencia a que la obra de construcción de la iglesia es anterior al S. XIV, pero debido a una gran reforma que sufrió entre los siglos XV y XVI que le da su imagen actual (excepto la fachada) hace que se <head>catalogue<head> como construida en el S. XVI.
entre	clasifique	1	Según algunos estudios se hace referencia a que la obra de construcción de la iglesia es anterior al S. XIV, pero debido a una gran reforma que sufrió entre los siglos XV y XVI que le da su imagen actual (excepto la fachada) hace que se <head>catalogue<head> como construida en el S. XVI.
clasifique	etiquete	0	Según algunos estudios se hace referencia a que la obra de construcción de la iglesia es anterior al S. XIV, pero debido a una gran reforma que sufrió entre los siglos XV y XVI que le da su imagen actual (excepto la fachada) hace que se <head>catalogue<head> como construida en el S. XVI.
etiquete	clasifique	1	Según algunos estudios se hace referencia a que la obra de construcción de la iglesia es anterior al S. XIV, pero debido a una gran reforma que sufrió entre los siglos XV y XVI que le da su imagen actual (excepto la fachada) hace que se <head>catalogue<head> como construida en el S. XVI.
clasifique	registre	0	Según algunos estudios se hace referencia a que la obra de construcción de la iglesia es anterior al S. XIV, pero debido a una gran reforma que sufrió entre los siglos XV y XVI que le da su imagen actual (excepto la fachada) hace que se <head>catalogue<head> como construida en el S. XVI.
registre	clasifique	1	Según algunos estudios se hace referencia a que la obra de construcción de la iglesia es anterior al S. XIV, pero debido a una gran reforma que sufrió entre los siglos XV y XVI que le da su imagen actual (excepto la fachada) hace que se <head>catalogue<head> como construida en el S. XVI.
categorice	determine	0	Según algunos estudios se hace referencia a que la obra de construcción de la iglesia es anterior al S. XIV, pero debido a una gran reforma que sufrió entre los siglos XV y XVI que le da su imagen actual (excepto la fachada) hace que se <head>catalogue<head> como construida en el S. XVI.
determine	categorice	1	Según algunos estudios se hace referencia a que la obra de construcción de la iglesia es anterior al S. XIV, pero debido a una gran reforma que sufrió entre los siglos XV y XVI que le da su imagen actual (excepto la fachada) hace que se <head>catalogue<head> como construida en el S. XVI.
categorice	entre	0	Según algunos estudios se hace referencia a que la obra de construcción de la iglesia es anterior al S. XIV, pero debido a una gran reforma que sufrió entre los siglos XV y XVI que le da su imagen actual (excepto la fachada) hace que se <head>catalogue<head> como construida en el S. XVI.
entre	categorice	1	Según algunos estudios se hace referencia a que la obra de construcción de la iglesia es anterior al S. XIV, pero debido a una gran reforma que sufrió entre los siglos XV y XVI que le da su imagen actual (excepto la fachada) hace que se <head>catalogue<head> como construida en el S. XVI.
categorice	registre	0	Según algunos estudios se hace referencia a que la obra de construcción de la iglesia es anterior al S. XIV, pero debido a una gran reforma que sufrió entre los siglos XV y XVI que le da su imagen actual (excepto la fachada) hace que se <head>catalogue<head> como construida en el S. XVI.
registre	categorice	1	Según algunos estudios se hace referencia a que la obra de construcción de la iglesia es anterior al S. XIV, pero debido a una gran reforma que sufrió entre los siglos XV y XVI que le da su imagen actual (excepto la fachada) hace que se <head>catalogue<head> como construida en el S. XVI.
categorice	anote	0	Según algunos estudios se hace referencia a que la obra de construcción de la iglesia es anterior al S. XIV, pero debido a una gran reforma que sufrió entre los siglos XV y XVI que le da su imagen actual (excepto la fachada) hace que se <head>catalogue<head> como construida en el S. XVI.
anote	categorice	1	Según algunos estudios se hace referencia a que la obra de construcción de la iglesia es anterior al S. XIV, pero debido a una gran reforma que sufrió entre los siglos XV y XVI que le da su imagen actual (excepto la fachada) hace que se <head>catalogue<head> como construida en el S. XVI.
considere	determine	0	Según algunos estudios se hace referencia a que la obra de construcción de la iglesia es anterior al S. XIV, pero debido a una gran reforma que sufrió entre los siglos XV y XVI que le da su imagen actual (excepto la fachada) hace que se <head>catalogue<head> como construida en el S. XVI.
determine	considere	1	Según algunos estudios se hace referencia a que la obra de construcción de la iglesia es anterior al S. XIV, pero debido a una gran reforma que sufrió entre los siglos XV y XVI que le da su imagen actual (excepto la fachada) hace que se <head>catalogue<head> como construida en el S. XVI.
considere	etiquete	0	Según algunos estudios se hace referencia a que la obra de construcción de la iglesia es anterior al S. XIV, pero debido a una gran reforma que sufrió entre los siglos XV y XVI que le da su imagen actual (excepto la fachada) hace que se <head>catalogue<head> como construida en el S. XVI.
etiquete	considere	1	Según algunos estudios se hace referencia a que la obra de construcción de la iglesia es anterior al S. XIV, pero debido a una gran reforma que sufrió entre los siglos XV y XVI que le da su imagen actual (excepto la fachada) hace que se <head>catalogue<head> como construida en el S. XVI.
identifique	determine	0	Según algunos estudios se hace referencia a que la obra de construcción de la iglesia es anterior al S. XIV, pero debido a una gran reforma que sufrió entre los siglos XV y XVI que le da su imagen actual (excepto la fachada) hace que se <head>catalogue<head> como construida en el S. XVI.
determine	identifique	1	Según algunos estudios se hace referencia a que la obra de construcción de la iglesia es anterior al S. XIV, pero debido a una gran reforma que sufrió entre los siglos XV y XVI que le da su imagen actual (excepto la fachada) hace que se <head>catalogue<head> como construida en el S. XVI.
identifique	entre	0	Según algunos estudios se hace referencia a que la obra de construcción de la iglesia es anterior al S. XIV, pero debido a una gran reforma que sufrió entre los siglos XV y XVI que le da su imagen actual (excepto la fachada) hace que se <head>catalogue<head> como construida en el S. XVI.
entre	identifique	1	Según algunos estudios se hace referencia a que la obra de construcción de la iglesia es anterior al S. XIV, pero debido a una gran reforma que sufrió entre los siglos XV y XVI que le da su imagen actual (excepto la fachada) hace que se <head>catalogue<head> como construida en el S. XVI.
identifique	registre	0	Según algunos estudios se hace referencia a que la obra de construcción de la iglesia es anterior al S. XIV, pero debido a una gran reforma que sufrió entre los siglos XV y XVI que le da su imagen actual (excepto la fachada) hace que se <head>catalogue<head> como construida en el S. XVI.
registre	identifique	1	Según algunos estudios se hace referencia a que la obra de construcción de la iglesia es anterior al S. XIV, pero debido a una gran reforma que sufrió entre los siglos XV y XVI que le da su imagen actual (excepto la fachada) hace que se <head>catalogue<head> como construida en el S. XVI.
identifique	anote	0	Según algunos estudios se hace referencia a que la obra de construcción de la iglesia es anterior al S. XIV, pero debido a una gran reforma que sufrió entre los siglos XV y XVI que le da su imagen actual (excepto la fachada) hace que se <head>catalogue<head> como construida en el S. XVI.
anote	identifique	1	Según algunos estudios se hace referencia a que la obra de construcción de la iglesia es anterior al S. XIV, pero debido a una gran reforma que sufrió entre los siglos XV y XVI que le da su imagen actual (excepto la fachada) hace que se <head>catalogue<head> como construida en el S. XVI.
desaparecida	extinta	0	Anteriormente el equipo jugaba las ligas de la <head>extinta<head> República Democrática Alemana y actualmente está jugando en la 2.
extinta	desaparecida	1	Anteriormente el equipo jugaba las ligas de la <head>extinta<head> República Democrática Alemana y actualmente está jugando en la 2.
desaparecida	finada	0	Anteriormente el equipo jugaba las ligas de la <head>extinta<head> República Democrática Alemana y actualmente está jugando en la 2.
finada	desaparecida	1	Anteriormente el equipo jugaba las ligas de la <head>extinta<head> República Democrática Alemana y actualmente está jugando en la 2.
desaparecida	muerta	0	Anteriormente el equipo jugaba las ligas de la <head>extinta<head> República Democrática Alemana y actualmente está jugando en la 2.
muerta	desaparecida	1	Anteriormente el equipo jugaba las ligas de la <head>extinta<head> República Democrática Alemana y actualmente está jugando en la 2.
desaparecida	fallecida	0	Anteriormente el equipo jugaba las ligas de la <head>extinta<head> República Democrática Alemana y actualmente está jugando en la 2.
fallecida	desaparecida	1	Anteriormente el equipo jugaba las ligas de la <head>extinta<head> República Democrática Alemana y actualmente está jugando en la 2.
desaparecida	inexistente	0	Anteriormente el equipo jugaba las ligas de la <head>extinta<head> República Democrática Alemana y actualmente está jugando en la 2.
inexistente	desaparecida	1	Anteriormente el equipo jugaba las ligas de la <head>extinta<head> República Democrática Alemana y actualmente está jugando en la 2.
desaparecida	finalizada	0	Anteriormente el equipo jugaba las ligas de la <head>extinta<head> República Democrática Alemana y actualmente está jugando en la 2.
finalizada	desaparecida	1	Anteriormente el equipo jugaba las ligas de la <head>extinta<head> República Democrática Alemana y actualmente está jugando en la 2.
extinta	difunta	0	Anteriormente el equipo jugaba las ligas de la <head>extinta<head> República Democrática Alemana y actualmente está jugando en la 2.
difunta	extinta	1	Anteriormente el equipo jugaba las ligas de la <head>extinta<head> República Democrática Alemana y actualmente está jugando en la 2.
extinta	muerta	0	Anteriormente el equipo jugaba las ligas de la <head>extinta<head> República Democrática Alemana y actualmente está jugando en la 2.
muerta	extinta	1	Anteriormente el equipo jugaba las ligas de la <head>extinta<head> República Democrática Alemana y actualmente está jugando en la 2.
extinta	fallecida	0	Anteriormente el equipo jugaba las ligas de la <head>extinta<head> República Democrática Alemana y actualmente está jugando en la 2.
fallecida	extinta	1	Anteriormente el equipo jugaba las ligas de la <head>extinta<head> República Democrática Alemana y actualmente está jugando en la 2.
extinta	inexistente	0	Anteriormente el equipo jugaba las ligas de la <head>extinta<head> República Democrática Alemana y actualmente está jugando en la 2.
inexistente	extinta	1	Anteriormente el equipo jugaba las ligas de la <head>extinta<head> República Democrática Alemana y actualmente está jugando en la 2.
extinta	acabada	0	Anteriormente el equipo jugaba las ligas de la <head>extinta<head> República Democrática Alemana y actualmente está jugando en la 2.
acabada	extinta	1	Anteriormente el equipo jugaba las ligas de la <head>extinta<head> República Democrática Alemana y actualmente está jugando en la 2.
extinta	finalizada	0	Anteriormente el equipo jugaba las ligas de la <head>extinta<head> República Democrática Alemana y actualmente está jugando en la 2.
finalizada	extinta	1	Anteriormente el equipo jugaba las ligas de la <head>extinta<head> República Democrática Alemana y actualmente está jugando en la 2.
difunta	finada	0	Anteriormente el equipo jugaba las ligas de la <head>extinta<head> República Democrática Alemana y actualmente está jugando en la 2.
finada	difunta	1	Anteriormente el equipo jugaba las ligas de la <head>extinta<head> República Democrática Alemana y actualmente está jugando en la 2.
difunta	muerta	0	Anteriormente el equipo jugaba las ligas de la <head>extinta<head> República Democrática Alemana y actualmente está jugando en la 2.
muerta	difunta	1	Anteriormente el equipo jugaba las ligas de la <head>extinta<head> República Democrática Alemana y actualmente está jugando en la 2.
difunta	inexistente	0	Anteriormente el equipo jugaba las ligas de la <head>extinta<head> República Democrática Alemana y actualmente está jugando en la 2.
inexistente	difunta	1	Anteriormente el equipo jugaba las ligas de la <head>extinta<head> República Democrática Alemana y actualmente está jugando en la 2.
difunta	acabada	0	Anteriormente el equipo jugaba las ligas de la <head>extinta<head> República Democrática Alemana y actualmente está jugando en la 2.
acabada	difunta	1	Anteriormente el equipo jugaba las ligas de la <head>extinta<head> República Democrática Alemana y actualmente está jugando en la 2.
difunta	finalizada	0	Anteriormente el equipo jugaba las ligas de la <head>extinta<head> República Democrática Alemana y actualmente está jugando en la 2.
finalizada	difunta	1	Anteriormente el equipo jugaba las ligas de la <head>extinta<head> República Democrática Alemana y actualmente está jugando en la 2.
finada	muerta	0	Anteriormente el equipo jugaba las ligas de la <head>extinta<head> República Democrática Alemana y actualmente está jugando en la 2.
muerta	finada	1	Anteriormente el equipo jugaba las ligas de la <head>extinta<head> República Democrática Alemana y actualmente está jugando en la 2.
finada	finalizada	0	Anteriormente el equipo jugaba las ligas de la <head>extinta<head> República Democrática Alemana y actualmente está jugando en la 2.
finalizada	finada	1	Anteriormente el equipo jugaba las ligas de la <head>extinta<head> República Democrática Alemana y actualmente está jugando en la 2.
