guardando	guardando	0	esse mecanismo é o equivalente geológico de um cobertor numa noite fria que aquece a atmosfera da terra <head>retendo<head> radiação do sol que de outro modo se dissiparia no espaço
guardando	guardando	1	esse mecanismo é o equivalente geológico de um cobertor numa noite fria que aquece a atmosfera da terra <head>retendo<head> radiação do sol que de outro modo se dissiparia no espaço
guardando	segurando	0	esse mecanismo é o equivalente geológico de um cobertor numa noite fria que aquece a atmosfera da terra <head>retendo<head> radiação do sol que de outro modo se dissiparia no espaço
segurando	guardando	1	esse mecanismo é o equivalente geológico de um cobertor numa noite fria que aquece a atmosfera da terra <head>retendo<head> radiação do sol que de outro modo se dissiparia no espaço
guardando	conservando	0	esse mecanismo é o equivalente geológico de um cobertor numa noite fria que aquece a atmosfera da terra <head>retendo<head> radiação do sol que de outro modo se dissiparia no espaço
conservando	guardando	1	esse mecanismo é o equivalente geológico de um cobertor numa noite fria que aquece a atmosfera da terra <head>retendo<head> radiação do sol que de outro modo se dissiparia no espaço
guardando	mantendo	0	esse mecanismo é o equivalente geológico de um cobertor numa noite fria que aquece a atmosfera da terra <head>retendo<head> radiação do sol que de outro modo se dissiparia no espaço
mantendo	guardando	1	esse mecanismo é o equivalente geológico de um cobertor numa noite fria que aquece a atmosfera da terra <head>retendo<head> radiação do sol que de outro modo se dissiparia no espaço
guardando	detendo	0	esse mecanismo é o equivalente geológico de um cobertor numa noite fria que aquece a atmosfera da terra <head>retendo<head> radiação do sol que de outro modo se dissiparia no espaço
detendo	guardando	1	esse mecanismo é o equivalente geológico de um cobertor numa noite fria que aquece a atmosfera da terra <head>retendo<head> radiação do sol que de outro modo se dissiparia no espaço
guardando	possuindo	0	esse mecanismo é o equivalente geológico de um cobertor numa noite fria que aquece a atmosfera da terra <head>retendo<head> radiação do sol que de outro modo se dissiparia no espaço
possuindo	guardando	1	esse mecanismo é o equivalente geológico de um cobertor numa noite fria que aquece a atmosfera da terra <head>retendo<head> radiação do sol que de outro modo se dissiparia no espaço
guardando	contendo	0	esse mecanismo é o equivalente geológico de um cobertor numa noite fria que aquece a atmosfera da terra <head>retendo<head> radiação do sol que de outro modo se dissiparia no espaço
contendo	guardando	1	esse mecanismo é o equivalente geológico de um cobertor numa noite fria que aquece a atmosfera da terra <head>retendo<head> radiação do sol que de outro modo se dissiparia no espaço
segurando	segurando	0	esse mecanismo é o equivalente geológico de um cobertor numa noite fria que aquece a atmosfera da terra <head>retendo<head> radiação do sol que de outro modo se dissiparia no espaço
segurando	segurando	1	esse mecanismo é o equivalente geológico de um cobertor numa noite fria que aquece a atmosfera da terra <head>retendo<head> radiação do sol que de outro modo se dissiparia no espaço
segurando	conservando	0	esse mecanismo é o equivalente geológico de um cobertor numa noite fria que aquece a atmosfera da terra <head>retendo<head> radiação do sol que de outro modo se dissiparia no espaço
conservando	segurando	1	esse mecanismo é o equivalente geológico de um cobertor numa noite fria que aquece a atmosfera da terra <head>retendo<head> radiação do sol que de outro modo se dissiparia no espaço
segurando	mantendo	0	esse mecanismo é o equivalente geológico de um cobertor numa noite fria que aquece a atmosfera da terra <head>retendo<head> radiação do sol que de outro modo se dissiparia no espaço
mantendo	segurando	1	esse mecanismo é o equivalente geológico de um cobertor numa noite fria que aquece a atmosfera da terra <head>retendo<head> radiação do sol que de outro modo se dissiparia no espaço
segurando	detendo	0	esse mecanismo é o equivalente geológico de um cobertor numa noite fria que aquece a atmosfera da terra <head>retendo<head> radiação do sol que de outro modo se dissiparia no espaço
detendo	segurando	1	esse mecanismo é o equivalente geológico de um cobertor numa noite fria que aquece a atmosfera da terra <head>retendo<head> radiação do sol que de outro modo se dissiparia no espaço
segurando	absorvendo	0	esse mecanismo é o equivalente geológico de um cobertor numa noite fria que aquece a atmosfera da terra <head>retendo<head> radiação do sol que de outro modo se dissiparia no espaço
absorvendo	segurando	1	esse mecanismo é o equivalente geológico de um cobertor numa noite fria que aquece a atmosfera da terra <head>retendo<head> radiação do sol que de outro modo se dissiparia no espaço
segurando	possuindo	0	esse mecanismo é o equivalente geológico de um cobertor numa noite fria que aquece a atmosfera da terra <head>retendo<head> radiação do sol que de outro modo se dissiparia no espaço
possuindo	segurando	1	esse mecanismo é o equivalente geológico de um cobertor numa noite fria que aquece a atmosfera da terra <head>retendo<head> radiação do sol que de outro modo se dissiparia no espaço
segurando	contendo	0	esse mecanismo é o equivalente geológico de um cobertor numa noite fria que aquece a atmosfera da terra <head>retendo<head> radiação do sol que de outro modo se dissiparia no espaço
contendo	segurando	1	esse mecanismo é o equivalente geológico de um cobertor numa noite fria que aquece a atmosfera da terra <head>retendo<head> radiação do sol que de outro modo se dissiparia no espaço
segurando	prendendo	0	esse mecanismo é o equivalente geológico de um cobertor numa noite fria que aquece a atmosfera da terra <head>retendo<head> radiação do sol que de outro modo se dissiparia no espaço
prendendo	segurando	1	esse mecanismo é o equivalente geológico de um cobertor numa noite fria que aquece a atmosfera da terra <head>retendo<head> radiação do sol que de outro modo se dissiparia no espaço
conservando	conservando	0	esse mecanismo é o equivalente geológico de um cobertor numa noite fria que aquece a atmosfera da terra <head>retendo<head> radiação do sol que de outro modo se dissiparia no espaço
conservando	conservando	1	esse mecanismo é o equivalente geológico de um cobertor numa noite fria que aquece a atmosfera da terra <head>retendo<head> radiação do sol que de outro modo se dissiparia no espaço
conservando	mantendo	0	esse mecanismo é o equivalente geológico de um cobertor numa noite fria que aquece a atmosfera da terra <head>retendo<head> radiação do sol que de outro modo se dissiparia no espaço
mantendo	conservando	1	esse mecanismo é o equivalente geológico de um cobertor numa noite fria que aquece a atmosfera da terra <head>retendo<head> radiação do sol que de outro modo se dissiparia no espaço
conservando	detendo	0	esse mecanismo é o equivalente geológico de um cobertor numa noite fria que aquece a atmosfera da terra <head>retendo<head> radiação do sol que de outro modo se dissiparia no espaço
detendo	conservando	1	esse mecanismo é o equivalente geológico de um cobertor numa noite fria que aquece a atmosfera da terra <head>retendo<head> radiação do sol que de outro modo se dissiparia no espaço
conservando	absorvendo	0	esse mecanismo é o equivalente geológico de um cobertor numa noite fria que aquece a atmosfera da terra <head>retendo<head> radiação do sol que de outro modo se dissiparia no espaço
absorvendo	conservando	1	esse mecanismo é o equivalente geológico de um cobertor numa noite fria que aquece a atmosfera da terra <head>retendo<head> radiação do sol que de outro modo se dissiparia no espaço
conservando	possuindo	0	esse mecanismo é o equivalente geológico de um cobertor numa noite fria que aquece a atmosfera da terra <head>retendo<head> radiação do sol que de outro modo se dissiparia no espaço
possuindo	conservando	1	esse mecanismo é o equivalente geológico de um cobertor numa noite fria que aquece a atmosfera da terra <head>retendo<head> radiação do sol que de outro modo se dissiparia no espaço
conservando	contendo	0	esse mecanismo é o equivalente geológico de um cobertor numa noite fria que aquece a atmosfera da terra <head>retendo<head> radiação do sol que de outro modo se dissiparia no espaço
contendo	conservando	1	esse mecanismo é o equivalente geológico de um cobertor numa noite fria que aquece a atmosfera da terra <head>retendo<head> radiação do sol que de outro modo se dissiparia no espaço
mantendo	mantendo	0	esse mecanismo é o equivalente geológico de um cobertor numa noite fria que aquece a atmosfera da terra <head>retendo<head> radiação do sol que de outro modo se dissiparia no espaço
mantendo	mantendo	1	esse mecanismo é o equivalente geológico de um cobertor numa noite fria que aquece a atmosfera da terra <head>retendo<head> radiação do sol que de outro modo se dissiparia no espaço
mantendo	detendo	0	esse mecanismo é o equivalente geológico de um cobertor numa noite fria que aquece a atmosfera da terra <head>retendo<head> radiação do sol que de outro modo se dissiparia no espaço
detendo	mantendo	1	esse mecanismo é o equivalente geológico de um cobertor numa noite fria que aquece a atmosfera da terra <head>retendo<head> radiação do sol que de outro modo se dissiparia no espaço
mantendo	absorvendo	0	esse mecanismo é o equivalente geológico de um cobertor numa noite fria que aquece a atmosfera da terra <head>retendo<head> radiação do sol que de outro modo se dissiparia no espaço
absorvendo	mantendo	1	esse mecanismo é o equivalente geológico de um cobertor numa noite fria que aquece a atmosfera da terra <head>retendo<head> radiação do sol que de outro modo se dissiparia no espaço
detendo	mantendo	0	esse mecanismo é o equivalente geológico de um cobertor numa noite fria que aquece a atmosfera da terra <head>retendo<head> radiação do sol que de outro modo se dissiparia no espaço
mantendo	detendo	1	esse mecanismo é o equivalente geológico de um cobertor numa noite fria que aquece a atmosfera da terra <head>retendo<head> radiação do sol que de outro modo se dissiparia no espaço
detendo	detendo	0	esse mecanismo é o equivalente geológico de um cobertor numa noite fria que aquece a atmosfera da terra <head>retendo<head> radiação do sol que de outro modo se dissiparia no espaço
detendo	detendo	1	esse mecanismo é o equivalente geológico de um cobertor numa noite fria que aquece a atmosfera da terra <head>retendo<head> radiação do sol que de outro modo se dissiparia no espaço
detendo	absorvendo	0	esse mecanismo é o equivalente geológico de um cobertor numa noite fria que aquece a atmosfera da terra <head>retendo<head> radiação do sol que de outro modo se dissiparia no espaço
absorvendo	detendo	1	esse mecanismo é o equivalente geológico de um cobertor numa noite fria que aquece a atmosfera da terra <head>retendo<head> radiação do sol que de outro modo se dissiparia no espaço
absorvendo	mantendo	0	esse mecanismo é o equivalente geológico de um cobertor numa noite fria que aquece a atmosfera da terra <head>retendo<head> radiação do sol que de outro modo se dissiparia no espaço
mantendo	absorvendo	1	esse mecanismo é o equivalente geológico de um cobertor numa noite fria que aquece a atmosfera da terra <head>retendo<head> radiação do sol que de outro modo se dissiparia no espaço
absorvendo	absorvendo	0	esse mecanismo é o equivalente geológico de um cobertor numa noite fria que aquece a atmosfera da terra <head>retendo<head> radiação do sol que de outro modo se dissiparia no espaço
absorvendo	absorvendo	1	esse mecanismo é o equivalente geológico de um cobertor numa noite fria que aquece a atmosfera da terra <head>retendo<head> radiação do sol que de outro modo se dissiparia no espaço
mantendo	possuindo	0	esse mecanismo é o equivalente geológico de um cobertor numa noite fria que aquece a atmosfera da terra <head>retendo<head> radiação do sol que de outro modo se dissiparia no espaço
possuindo	mantendo	1	esse mecanismo é o equivalente geológico de um cobertor numa noite fria que aquece a atmosfera da terra <head>retendo<head> radiação do sol que de outro modo se dissiparia no espaço
mantendo	trazendo	0	esse mecanismo é o equivalente geológico de um cobertor numa noite fria que aquece a atmosfera da terra <head>retendo<head> radiação do sol que de outro modo se dissiparia no espaço
trazendo	mantendo	1	esse mecanismo é o equivalente geológico de um cobertor numa noite fria que aquece a atmosfera da terra <head>retendo<head> radiação do sol que de outro modo se dissiparia no espaço
detendo	possuindo	0	esse mecanismo é o equivalente geológico de um cobertor numa noite fria que aquece a atmosfera da terra <head>retendo<head> radiação do sol que de outro modo se dissiparia no espaço
possuindo	detendo	1	esse mecanismo é o equivalente geológico de um cobertor numa noite fria que aquece a atmosfera da terra <head>retendo<head> radiação do sol que de outro modo se dissiparia no espaço
detendo	contendo	0	esse mecanismo é o equivalente geológico de um cobertor numa noite fria que aquece a atmosfera da terra <head>retendo<head> radiação do sol que de outro modo se dissiparia no espaço
contendo	detendo	1	esse mecanismo é o equivalente geológico de um cobertor numa noite fria que aquece a atmosfera da terra <head>retendo<head> radiação do sol que de outro modo se dissiparia no espaço
detendo	trazendo	0	esse mecanismo é o equivalente geológico de um cobertor numa noite fria que aquece a atmosfera da terra <head>retendo<head> radiação do sol que de outro modo se dissiparia no espaço
trazendo	detendo	1	esse mecanismo é o equivalente geológico de um cobertor numa noite fria que aquece a atmosfera da terra <head>retendo<head> radiação do sol que de outro modo se dissiparia no espaço
detendo	prendendo	0	esse mecanismo é o equivalente geológico de um cobertor numa noite fria que aquece a atmosfera da terra <head>retendo<head> radiação do sol que de outro modo se dissiparia no espaço
prendendo	detendo	1	esse mecanismo é o equivalente geológico de um cobertor numa noite fria que aquece a atmosfera da terra <head>retendo<head> radiação do sol que de outro modo se dissiparia no espaço
absorvendo	trazendo	0	esse mecanismo é o equivalente geológico de um cobertor numa noite fria que aquece a atmosfera da terra <head>retendo<head> radiação do sol que de outro modo se dissiparia no espaço
trazendo	absorvendo	1	esse mecanismo é o equivalente geológico de um cobertor numa noite fria que aquece a atmosfera da terra <head>retendo<head> radiação do sol que de outro modo se dissiparia no espaço
absorvendo	prendendo	0	esse mecanismo é o equivalente geológico de um cobertor numa noite fria que aquece a atmosfera da terra <head>retendo<head> radiação do sol que de outro modo se dissiparia no espaço
prendendo	absorvendo	1	esse mecanismo é o equivalente geológico de um cobertor numa noite fria que aquece a atmosfera da terra <head>retendo<head> radiação do sol que de outro modo se dissiparia no espaço
possuindo	possuindo	0	esse mecanismo é o equivalente geológico de um cobertor numa noite fria que aquece a atmosfera da terra <head>retendo<head> radiação do sol que de outro modo se dissiparia no espaço
possuindo	possuindo	1	esse mecanismo é o equivalente geológico de um cobertor numa noite fria que aquece a atmosfera da terra <head>retendo<head> radiação do sol que de outro modo se dissiparia no espaço
possuindo	trazendo	0	esse mecanismo é o equivalente geológico de um cobertor numa noite fria que aquece a atmosfera da terra <head>retendo<head> radiação do sol que de outro modo se dissiparia no espaço
trazendo	possuindo	1	esse mecanismo é o equivalente geológico de um cobertor numa noite fria que aquece a atmosfera da terra <head>retendo<head> radiação do sol que de outro modo se dissiparia no espaço
possuindo	prendendo	0	esse mecanismo é o equivalente geológico de um cobertor numa noite fria que aquece a atmosfera da terra <head>retendo<head> radiação do sol que de outro modo se dissiparia no espaço
prendendo	possuindo	1	esse mecanismo é o equivalente geológico de um cobertor numa noite fria que aquece a atmosfera da terra <head>retendo<head> radiação do sol que de outro modo se dissiparia no espaço
trazendo	possuindo	0	esse mecanismo é o equivalente geológico de um cobertor numa noite fria que aquece a atmosfera da terra <head>retendo<head> radiação do sol que de outro modo se dissiparia no espaço
possuindo	trazendo	1	esse mecanismo é o equivalente geológico de um cobertor numa noite fria que aquece a atmosfera da terra <head>retendo<head> radiação do sol que de outro modo se dissiparia no espaço
trazendo	contendo	0	esse mecanismo é o equivalente geológico de um cobertor numa noite fria que aquece a atmosfera da terra <head>retendo<head> radiação do sol que de outro modo se dissiparia no espaço
contendo	trazendo	1	esse mecanismo é o equivalente geológico de um cobertor numa noite fria que aquece a atmosfera da terra <head>retendo<head> radiação do sol que de outro modo se dissiparia no espaço
trazendo	trazendo	0	esse mecanismo é o equivalente geológico de um cobertor numa noite fria que aquece a atmosfera da terra <head>retendo<head> radiação do sol que de outro modo se dissiparia no espaço
trazendo	trazendo	1	esse mecanismo é o equivalente geológico de um cobertor numa noite fria que aquece a atmosfera da terra <head>retendo<head> radiação do sol que de outro modo se dissiparia no espaço
trazendo	prendendo	0	esse mecanismo é o equivalente geológico de um cobertor numa noite fria que aquece a atmosfera da terra <head>retendo<head> radiação do sol que de outro modo se dissiparia no espaço
prendendo	trazendo	1	esse mecanismo é o equivalente geológico de um cobertor numa noite fria que aquece a atmosfera da terra <head>retendo<head> radiação do sol que de outro modo se dissiparia no espaço
prendendo	contendo	0	esse mecanismo é o equivalente geológico de um cobertor numa noite fria que aquece a atmosfera da terra <head>retendo<head> radiação do sol que de outro modo se dissiparia no espaço
contendo	prendendo	1	esse mecanismo é o equivalente geológico de um cobertor numa noite fria que aquece a atmosfera da terra <head>retendo<head> radiação do sol que de outro modo se dissiparia no espaço
prendendo	trazendo	0	esse mecanismo é o equivalente geológico de um cobertor numa noite fria que aquece a atmosfera da terra <head>retendo<head> radiação do sol que de outro modo se dissiparia no espaço
trazendo	prendendo	1	esse mecanismo é o equivalente geológico de um cobertor numa noite fria que aquece a atmosfera da terra <head>retendo<head> radiação do sol que de outro modo se dissiparia no espaço
detectores	detectores	0	mas escreveram eles no artigo hoje divulgado vai ser possível no futuro próximo fazer uma pele eletrônica que tenha funções que a pele humana não tem ao integrar vários <head>sensores<head> não apenas para pressão e temperatura mas também para luz umidade esforço e ultrassônicos
detectores	detectores	1	mas escreveram eles no artigo hoje divulgado vai ser possível no futuro próximo fazer uma pele eletrônica que tenha funções que a pele humana não tem ao integrar vários <head>sensores<head> não apenas para pressão e temperatura mas também para luz umidade esforço e ultrassônicos
detectores	dispositivos	0	mas escreveram eles no artigo hoje divulgado vai ser possível no futuro próximo fazer uma pele eletrônica que tenha funções que a pele humana não tem ao integrar vários <head>sensores<head> não apenas para pressão e temperatura mas também para luz umidade esforço e ultrassônicos
dispositivos	detectores	1	mas escreveram eles no artigo hoje divulgado vai ser possível no futuro próximo fazer uma pele eletrônica que tenha funções que a pele humana não tem ao integrar vários <head>sensores<head> não apenas para pressão e temperatura mas também para luz umidade esforço e ultrassônicos
detectores	mecanismos que sentem	0	mas escreveram eles no artigo hoje divulgado vai ser possível no futuro próximo fazer uma pele eletrônica que tenha funções que a pele humana não tem ao integrar vários <head>sensores<head> não apenas para pressão e temperatura mas também para luz umidade esforço e ultrassônicos
mecanismos que sentem	detectores	1	mas escreveram eles no artigo hoje divulgado vai ser possível no futuro próximo fazer uma pele eletrônica que tenha funções que a pele humana não tem ao integrar vários <head>sensores<head> não apenas para pressão e temperatura mas também para luz umidade esforço e ultrassônicos
detectores	medidores	0	mas escreveram eles no artigo hoje divulgado vai ser possível no futuro próximo fazer uma pele eletrônica que tenha funções que a pele humana não tem ao integrar vários <head>sensores<head> não apenas para pressão e temperatura mas também para luz umidade esforço e ultrassônicos
medidores	detectores	1	mas escreveram eles no artigo hoje divulgado vai ser possível no futuro próximo fazer uma pele eletrônica que tenha funções que a pele humana não tem ao integrar vários <head>sensores<head> não apenas para pressão e temperatura mas também para luz umidade esforço e ultrassônicos
dispositivos	dispositivos	0	mas escreveram eles no artigo hoje divulgado vai ser possível no futuro próximo fazer uma pele eletrônica que tenha funções que a pele humana não tem ao integrar vários <head>sensores<head> não apenas para pressão e temperatura mas também para luz umidade esforço e ultrassônicos
dispositivos	dispositivos	1	mas escreveram eles no artigo hoje divulgado vai ser possível no futuro próximo fazer uma pele eletrônica que tenha funções que a pele humana não tem ao integrar vários <head>sensores<head> não apenas para pressão e temperatura mas também para luz umidade esforço e ultrassônicos
dispositivos	aparelhos	0	mas escreveram eles no artigo hoje divulgado vai ser possível no futuro próximo fazer uma pele eletrônica que tenha funções que a pele humana não tem ao integrar vários <head>sensores<head> não apenas para pressão e temperatura mas também para luz umidade esforço e ultrassônicos
aparelhos	dispositivos	1	mas escreveram eles no artigo hoje divulgado vai ser possível no futuro próximo fazer uma pele eletrônica que tenha funções que a pele humana não tem ao integrar vários <head>sensores<head> não apenas para pressão e temperatura mas também para luz umidade esforço e ultrassônicos
aparelhos	dispositivos	0	mas escreveram eles no artigo hoje divulgado vai ser possível no futuro próximo fazer uma pele eletrônica que tenha funções que a pele humana não tem ao integrar vários <head>sensores<head> não apenas para pressão e temperatura mas também para luz umidade esforço e ultrassônicos
dispositivos	aparelhos	1	mas escreveram eles no artigo hoje divulgado vai ser possível no futuro próximo fazer uma pele eletrônica que tenha funções que a pele humana não tem ao integrar vários <head>sensores<head> não apenas para pressão e temperatura mas também para luz umidade esforço e ultrassônicos
dispositivos	mecanismos que sentem	0	mas escreveram eles no artigo hoje divulgado vai ser possível no futuro próximo fazer uma pele eletrônica que tenha funções que a pele humana não tem ao integrar vários <head>sensores<head> não apenas para pressão e temperatura mas também para luz umidade esforço e ultrassônicos
mecanismos que sentem	dispositivos	1	mas escreveram eles no artigo hoje divulgado vai ser possível no futuro próximo fazer uma pele eletrônica que tenha funções que a pele humana não tem ao integrar vários <head>sensores<head> não apenas para pressão e temperatura mas também para luz umidade esforço e ultrassônicos
dispositivos	medidores	0	mas escreveram eles no artigo hoje divulgado vai ser possível no futuro próximo fazer uma pele eletrônica que tenha funções que a pele humana não tem ao integrar vários <head>sensores<head> não apenas para pressão e temperatura mas também para luz umidade esforço e ultrassônicos
medidores	dispositivos	1	mas escreveram eles no artigo hoje divulgado vai ser possível no futuro próximo fazer uma pele eletrônica que tenha funções que a pele humana não tem ao integrar vários <head>sensores<head> não apenas para pressão e temperatura mas também para luz umidade esforço e ultrassônicos
aparelhos	mecanismos que sentem	0	mas escreveram eles no artigo hoje divulgado vai ser possível no futuro próximo fazer uma pele eletrônica que tenha funções que a pele humana não tem ao integrar vários <head>sensores<head> não apenas para pressão e temperatura mas também para luz umidade esforço e ultrassônicos
mecanismos que sentem	aparelhos	1	mas escreveram eles no artigo hoje divulgado vai ser possível no futuro próximo fazer uma pele eletrônica que tenha funções que a pele humana não tem ao integrar vários <head>sensores<head> não apenas para pressão e temperatura mas também para luz umidade esforço e ultrassônicos
aparelhos	medidores	0	mas escreveram eles no artigo hoje divulgado vai ser possível no futuro próximo fazer uma pele eletrônica que tenha funções que a pele humana não tem ao integrar vários <head>sensores<head> não apenas para pressão e temperatura mas também para luz umidade esforço e ultrassônicos
medidores	aparelhos	1	mas escreveram eles no artigo hoje divulgado vai ser possível no futuro próximo fazer uma pele eletrônica que tenha funções que a pele humana não tem ao integrar vários <head>sensores<head> não apenas para pressão e temperatura mas também para luz umidade esforço e ultrassônicos
mecanismos que sentem	mecanismos que sentem	0	mas escreveram eles no artigo hoje divulgado vai ser possível no futuro próximo fazer uma pele eletrônica que tenha funções que a pele humana não tem ao integrar vários <head>sensores<head> não apenas para pressão e temperatura mas também para luz umidade esforço e ultrassônicos
mecanismos que sentem	mecanismos que sentem	1	mas escreveram eles no artigo hoje divulgado vai ser possível no futuro próximo fazer uma pele eletrônica que tenha funções que a pele humana não tem ao integrar vários <head>sensores<head> não apenas para pressão e temperatura mas também para luz umidade esforço e ultrassônicos
medidores	mecanismos que sentem	0	mas escreveram eles no artigo hoje divulgado vai ser possível no futuro próximo fazer uma pele eletrônica que tenha funções que a pele humana não tem ao integrar vários <head>sensores<head> não apenas para pressão e temperatura mas também para luz umidade esforço e ultrassônicos
mecanismos que sentem	medidores	1	mas escreveram eles no artigo hoje divulgado vai ser possível no futuro próximo fazer uma pele eletrônica que tenha funções que a pele humana não tem ao integrar vários <head>sensores<head> não apenas para pressão e temperatura mas também para luz umidade esforço e ultrassônicos
desmontar	desmontar	0	bacci pretende oferecer recompensa a chamada delação premiada a bandidos que colaborarem com as investigações para <head>desarticular<head> as grandes quadrilhas
desmontar	desmontar	1	bacci pretende oferecer recompensa a chamada delação premiada a bandidos que colaborarem com as investigações para <head>desarticular<head> as grandes quadrilhas
desmontar	separar	0	bacci pretende oferecer recompensa a chamada delação premiada a bandidos que colaborarem com as investigações para <head>desarticular<head> as grandes quadrilhas
separar	desmontar	1	bacci pretende oferecer recompensa a chamada delação premiada a bandidos que colaborarem com as investigações para <head>desarticular<head> as grandes quadrilhas
desmontar	destruir	0	bacci pretende oferecer recompensa a chamada delação premiada a bandidos que colaborarem com as investigações para <head>desarticular<head> as grandes quadrilhas
destruir	desmontar	1	bacci pretende oferecer recompensa a chamada delação premiada a bandidos que colaborarem com as investigações para <head>desarticular<head> as grandes quadrilhas
desmontar	desfazer	0	bacci pretende oferecer recompensa a chamada delação premiada a bandidos que colaborarem com as investigações para <head>desarticular<head> as grandes quadrilhas
desfazer	desmontar	1	bacci pretende oferecer recompensa a chamada delação premiada a bandidos que colaborarem com as investigações para <head>desarticular<head> as grandes quadrilhas
desmontar	desgastar	0	bacci pretende oferecer recompensa a chamada delação premiada a bandidos que colaborarem com as investigações para <head>desarticular<head> as grandes quadrilhas
desgastar	desmontar	1	bacci pretende oferecer recompensa a chamada delação premiada a bandidos que colaborarem com as investigações para <head>desarticular<head> as grandes quadrilhas
desmontar	exarticular	0	bacci pretende oferecer recompensa a chamada delação premiada a bandidos que colaborarem com as investigações para <head>desarticular<head> as grandes quadrilhas
exarticular	desmontar	1	bacci pretende oferecer recompensa a chamada delação premiada a bandidos que colaborarem com as investigações para <head>desarticular<head> as grandes quadrilhas
separar	separar	0	bacci pretende oferecer recompensa a chamada delação premiada a bandidos que colaborarem com as investigações para <head>desarticular<head> as grandes quadrilhas
separar	separar	1	bacci pretende oferecer recompensa a chamada delação premiada a bandidos que colaborarem com as investigações para <head>desarticular<head> as grandes quadrilhas
separar	destruir	0	bacci pretende oferecer recompensa a chamada delação premiada a bandidos que colaborarem com as investigações para <head>desarticular<head> as grandes quadrilhas
destruir	separar	1	bacci pretende oferecer recompensa a chamada delação premiada a bandidos que colaborarem com as investigações para <head>desarticular<head> as grandes quadrilhas
separar	desfazer	0	bacci pretende oferecer recompensa a chamada delação premiada a bandidos que colaborarem com as investigações para <head>desarticular<head> as grandes quadrilhas
desfazer	separar	1	bacci pretende oferecer recompensa a chamada delação premiada a bandidos que colaborarem com as investigações para <head>desarticular<head> as grandes quadrilhas
destruir	destruir	0	bacci pretende oferecer recompensa a chamada delação premiada a bandidos que colaborarem com as investigações para <head>desarticular<head> as grandes quadrilhas
destruir	destruir	1	bacci pretende oferecer recompensa a chamada delação premiada a bandidos que colaborarem com as investigações para <head>desarticular<head> as grandes quadrilhas
destruir	desfazer	0	bacci pretende oferecer recompensa a chamada delação premiada a bandidos que colaborarem com as investigações para <head>desarticular<head> as grandes quadrilhas
desfazer	destruir	1	bacci pretende oferecer recompensa a chamada delação premiada a bandidos que colaborarem com as investigações para <head>desarticular<head> as grandes quadrilhas
desfazer	destruir	0	bacci pretende oferecer recompensa a chamada delação premiada a bandidos que colaborarem com as investigações para <head>desarticular<head> as grandes quadrilhas
destruir	desfazer	1	bacci pretende oferecer recompensa a chamada delação premiada a bandidos que colaborarem com as investigações para <head>desarticular<head> as grandes quadrilhas
desfazer	desfazer	0	bacci pretende oferecer recompensa a chamada delação premiada a bandidos que colaborarem com as investigações para <head>desarticular<head> as grandes quadrilhas
desfazer	desfazer	1	bacci pretende oferecer recompensa a chamada delação premiada a bandidos que colaborarem com as investigações para <head>desarticular<head> as grandes quadrilhas
destruir	desencaixar	0	bacci pretende oferecer recompensa a chamada delação premiada a bandidos que colaborarem com as investigações para <head>desarticular<head> as grandes quadrilhas
desencaixar	destruir	1	bacci pretende oferecer recompensa a chamada delação premiada a bandidos que colaborarem com as investigações para <head>desarticular<head> as grandes quadrilhas
destruir	desgastar	0	bacci pretende oferecer recompensa a chamada delação premiada a bandidos que colaborarem com as investigações para <head>desarticular<head> as grandes quadrilhas
desgastar	destruir	1	bacci pretende oferecer recompensa a chamada delação premiada a bandidos que colaborarem com as investigações para <head>desarticular<head> as grandes quadrilhas
destruir	exarticular	0	bacci pretende oferecer recompensa a chamada delação premiada a bandidos que colaborarem com as investigações para <head>desarticular<head> as grandes quadrilhas
exarticular	destruir	1	bacci pretende oferecer recompensa a chamada delação premiada a bandidos que colaborarem com as investigações para <head>desarticular<head> as grandes quadrilhas
destruir	luxate	0	bacci pretende oferecer recompensa a chamada delação premiada a bandidos que colaborarem com as investigações para <head>desarticular<head> as grandes quadrilhas
luxate	destruir	1	bacci pretende oferecer recompensa a chamada delação premiada a bandidos que colaborarem com as investigações para <head>desarticular<head> as grandes quadrilhas
desfazer	desencaixar	0	bacci pretende oferecer recompensa a chamada delação premiada a bandidos que colaborarem com as investigações para <head>desarticular<head> as grandes quadrilhas
desencaixar	desfazer	1	bacci pretende oferecer recompensa a chamada delação premiada a bandidos que colaborarem com as investigações para <head>desarticular<head> as grandes quadrilhas
desfazer	desgastar	0	bacci pretende oferecer recompensa a chamada delação premiada a bandidos que colaborarem com as investigações para <head>desarticular<head> as grandes quadrilhas
desgastar	desfazer	1	bacci pretende oferecer recompensa a chamada delação premiada a bandidos que colaborarem com as investigações para <head>desarticular<head> as grandes quadrilhas
desfazer	exarticular	0	bacci pretende oferecer recompensa a chamada delação premiada a bandidos que colaborarem com as investigações para <head>desarticular<head> as grandes quadrilhas
exarticular	desfazer	1	bacci pretende oferecer recompensa a chamada delação premiada a bandidos que colaborarem com as investigações para <head>desarticular<head> as grandes quadrilhas
desfazer	luxate	0	bacci pretende oferecer recompensa a chamada delação premiada a bandidos que colaborarem com as investigações para <head>desarticular<head> as grandes quadrilhas
luxate	desfazer	1	bacci pretende oferecer recompensa a chamada delação premiada a bandidos que colaborarem com as investigações para <head>desarticular<head> as grandes quadrilhas
desencaixar	desencaixar	0	bacci pretende oferecer recompensa a chamada delação premiada a bandidos que colaborarem com as investigações para <head>desarticular<head> as grandes quadrilhas
desencaixar	desencaixar	1	bacci pretende oferecer recompensa a chamada delação premiada a bandidos que colaborarem com as investigações para <head>desarticular<head> as grandes quadrilhas
desencaixar	desgastar	0	bacci pretende oferecer recompensa a chamada delação premiada a bandidos que colaborarem com as investigações para <head>desarticular<head> as grandes quadrilhas
desgastar	desencaixar	1	bacci pretende oferecer recompensa a chamada delação premiada a bandidos que colaborarem com as investigações para <head>desarticular<head> as grandes quadrilhas
desencaixar	exarticular	0	bacci pretende oferecer recompensa a chamada delação premiada a bandidos que colaborarem com as investigações para <head>desarticular<head> as grandes quadrilhas
exarticular	desencaixar	1	bacci pretende oferecer recompensa a chamada delação premiada a bandidos que colaborarem com as investigações para <head>desarticular<head> as grandes quadrilhas
desencaixar	luxate	0	bacci pretende oferecer recompensa a chamada delação premiada a bandidos que colaborarem com as investigações para <head>desarticular<head> as grandes quadrilhas
luxate	desencaixar	1	bacci pretende oferecer recompensa a chamada delação premiada a bandidos que colaborarem com as investigações para <head>desarticular<head> as grandes quadrilhas
desgastar	desgastar	0	bacci pretende oferecer recompensa a chamada delação premiada a bandidos que colaborarem com as investigações para <head>desarticular<head> as grandes quadrilhas
desgastar	desgastar	1	bacci pretende oferecer recompensa a chamada delação premiada a bandidos que colaborarem com as investigações para <head>desarticular<head> as grandes quadrilhas
desgastar	exarticular	0	bacci pretende oferecer recompensa a chamada delação premiada a bandidos que colaborarem com as investigações para <head>desarticular<head> as grandes quadrilhas
exarticular	desgastar	1	bacci pretende oferecer recompensa a chamada delação premiada a bandidos que colaborarem com as investigações para <head>desarticular<head> as grandes quadrilhas
desgastar	luxate	0	bacci pretende oferecer recompensa a chamada delação premiada a bandidos que colaborarem com as investigações para <head>desarticular<head> as grandes quadrilhas
luxate	desgastar	1	bacci pretende oferecer recompensa a chamada delação premiada a bandidos que colaborarem com as investigações para <head>desarticular<head> as grandes quadrilhas
exarticular	desencaixar	0	bacci pretende oferecer recompensa a chamada delação premiada a bandidos que colaborarem com as investigações para <head>desarticular<head> as grandes quadrilhas
desencaixar	exarticular	1	bacci pretende oferecer recompensa a chamada delação premiada a bandidos que colaborarem com as investigações para <head>desarticular<head> as grandes quadrilhas
exarticular	exarticular	0	bacci pretende oferecer recompensa a chamada delação premiada a bandidos que colaborarem com as investigações para <head>desarticular<head> as grandes quadrilhas
exarticular	exarticular	1	bacci pretende oferecer recompensa a chamada delação premiada a bandidos que colaborarem com as investigações para <head>desarticular<head> as grandes quadrilhas
exarticular	luxate	0	bacci pretende oferecer recompensa a chamada delação premiada a bandidos que colaborarem com as investigações para <head>desarticular<head> as grandes quadrilhas
luxate	exarticular	1	bacci pretende oferecer recompensa a chamada delação premiada a bandidos que colaborarem com as investigações para <head>desarticular<head> as grandes quadrilhas
luxate	desgastar	0	bacci pretende oferecer recompensa a chamada delação premiada a bandidos que colaborarem com as investigações para <head>desarticular<head> as grandes quadrilhas
desgastar	luxate	1	bacci pretende oferecer recompensa a chamada delação premiada a bandidos que colaborarem com as investigações para <head>desarticular<head> as grandes quadrilhas
luxate	exarticular	0	bacci pretende oferecer recompensa a chamada delação premiada a bandidos que colaborarem com as investigações para <head>desarticular<head> as grandes quadrilhas
exarticular	luxate	1	bacci pretende oferecer recompensa a chamada delação premiada a bandidos que colaborarem com as investigações para <head>desarticular<head> as grandes quadrilhas
luxate	luxate	0	bacci pretende oferecer recompensa a chamada delação premiada a bandidos que colaborarem com as investigações para <head>desarticular<head> as grandes quadrilhas
luxate	luxate	1	bacci pretende oferecer recompensa a chamada delação premiada a bandidos que colaborarem com as investigações para <head>desarticular<head> as grandes quadrilhas
peste	epidemia	0	naquele país a ave é considerada uma <head>praga<head>
epidemia	peste	1	naquele país a ave é considerada uma <head>praga<head>
peste	maldição	0	naquele país a ave é considerada uma <head>praga<head>
maldição	peste	1	naquele país a ave é considerada uma <head>praga<head>
peste	doença	0	naquele país a ave é considerada uma <head>praga<head>
doença	peste	1	naquele país a ave é considerada uma <head>praga<head>
peste	desgraça	0	naquele país a ave é considerada uma <head>praga<head>
desgraça	peste	1	naquele país a ave é considerada uma <head>praga<head>
peste	tragédia	0	naquele país a ave é considerada uma <head>praga<head>
tragédia	peste	1	naquele país a ave é considerada uma <head>praga<head>
epidemia	maldição	0	naquele país a ave é considerada uma <head>praga<head>
maldição	epidemia	1	naquele país a ave é considerada uma <head>praga<head>
epidemia	doença	0	naquele país a ave é considerada uma <head>praga<head>
doença	epidemia	1	naquele país a ave é considerada uma <head>praga<head>
epidemia	desgraça	0	naquele país a ave é considerada uma <head>praga<head>
desgraça	epidemia	1	naquele país a ave é considerada uma <head>praga<head>
epidemia	tragédia	0	naquele país a ave é considerada uma <head>praga<head>
tragédia	epidemia	1	naquele país a ave é considerada uma <head>praga<head>
epidemia	infestação	0	naquele país a ave é considerada uma <head>praga<head>
infestação	epidemia	1	naquele país a ave é considerada uma <head>praga<head>
maldição	maldição	0	naquele país a ave é considerada uma <head>praga<head>
maldição	maldição	1	naquele país a ave é considerada uma <head>praga<head>
maldição	doença	0	naquele país a ave é considerada uma <head>praga<head>
doença	maldição	1	naquele país a ave é considerada uma <head>praga<head>
maldição	desgraça	0	naquele país a ave é considerada uma <head>praga<head>
desgraça	maldição	1	naquele país a ave é considerada uma <head>praga<head>
maldição	infestação	0	naquele país a ave é considerada uma <head>praga<head>
infestação	maldição	1	naquele país a ave é considerada uma <head>praga<head>
doença	doença	0	naquele país a ave é considerada uma <head>praga<head>
doença	doença	1	naquele país a ave é considerada uma <head>praga<head>
doença	desgraça	0	naquele país a ave é considerada uma <head>praga<head>
desgraça	doença	1	naquele país a ave é considerada uma <head>praga<head>
desgraça	desgraça	0	naquele país a ave é considerada uma <head>praga<head>
desgraça	desgraça	1	naquele país a ave é considerada uma <head>praga<head>
doença	tragédia	0	naquele país a ave é considerada uma <head>praga<head>
tragédia	doença	1	naquele país a ave é considerada uma <head>praga<head>
doença	infestação	0	naquele país a ave é considerada uma <head>praga<head>
infestação	doença	1	naquele país a ave é considerada uma <head>praga<head>
desgraça	infestação	0	naquele país a ave é considerada uma <head>praga<head>
infestação	desgraça	1	naquele país a ave é considerada uma <head>praga<head>
tragédia	tragédia	0	naquele país a ave é considerada uma <head>praga<head>
tragédia	tragédia	1	naquele país a ave é considerada uma <head>praga<head>
tragédia	infestação	0	naquele país a ave é considerada uma <head>praga<head>
infestação	tragédia	1	naquele país a ave é considerada uma <head>praga<head>
infestação	tragédia	0	naquele país a ave é considerada uma <head>praga<head>
tragédia	infestação	1	naquele país a ave é considerada uma <head>praga<head>
infestação	infestação	0	naquele país a ave é considerada uma <head>praga<head>
infestação	infestação	1	naquele país a ave é considerada uma <head>praga<head>
mudando	passando	0	autores de furto estariam <head>migrando<head> para o roubo
passando	mudando	1	autores de furto estariam <head>migrando<head> para o roubo
mudando	deslocando-se	0	autores de furto estariam <head>migrando<head> para o roubo
deslocando-se	mudando	1	autores de furto estariam <head>migrando<head> para o roubo
mudando	indo	0	autores de furto estariam <head>migrando<head> para o roubo
indo	mudando	1	autores de furto estariam <head>migrando<head> para o roubo
mudando	se direcionando	0	autores de furto estariam <head>migrando<head> para o roubo
se direcionando	mudando	1	autores de furto estariam <head>migrando<head> para o roubo
mudando	deslocando	0	autores de furto estariam <head>migrando<head> para o roubo
deslocando	mudando	1	autores de furto estariam <head>migrando<head> para o roubo
mudando	se mudando	0	autores de furto estariam <head>migrando<head> para o roubo
se mudando	mudando	1	autores de furto estariam <head>migrando<head> para o roubo
passando	passando	0	autores de furto estariam <head>migrando<head> para o roubo
passando	passando	1	autores de furto estariam <head>migrando<head> para o roubo
passando	deslocando-se	0	autores de furto estariam <head>migrando<head> para o roubo
deslocando-se	passando	1	autores de furto estariam <head>migrando<head> para o roubo
passando	indo	0	autores de furto estariam <head>migrando<head> para o roubo
indo	passando	1	autores de furto estariam <head>migrando<head> para o roubo
deslocando-se	indo	0	autores de furto estariam <head>migrando<head> para o roubo
indo	deslocando-se	1	autores de furto estariam <head>migrando<head> para o roubo
indo	passando	0	autores de furto estariam <head>migrando<head> para o roubo
passando	indo	1	autores de furto estariam <head>migrando<head> para o roubo
indo	indo	0	autores de furto estariam <head>migrando<head> para o roubo
indo	indo	1	autores de furto estariam <head>migrando<head> para o roubo
passando	deslocando	0	autores de furto estariam <head>migrando<head> para o roubo
deslocando	passando	1	autores de furto estariam <head>migrando<head> para o roubo
passando	se mudando	0	autores de furto estariam <head>migrando<head> para o roubo
se mudando	passando	1	autores de furto estariam <head>migrando<head> para o roubo
deslocando-se	se direcionando	0	autores de furto estariam <head>migrando<head> para o roubo
se direcionando	deslocando-se	1	autores de furto estariam <head>migrando<head> para o roubo
deslocando-se	deslocando	0	autores de furto estariam <head>migrando<head> para o roubo
deslocando	deslocando-se	1	autores de furto estariam <head>migrando<head> para o roubo
deslocando-se	se mudando	0	autores de furto estariam <head>migrando<head> para o roubo
se mudando	deslocando-se	1	autores de furto estariam <head>migrando<head> para o roubo
indo	deslocando	0	autores de furto estariam <head>migrando<head> para o roubo
deslocando	indo	1	autores de furto estariam <head>migrando<head> para o roubo
se direcionando	se direcionando	0	autores de furto estariam <head>migrando<head> para o roubo
se direcionando	se direcionando	1	autores de furto estariam <head>migrando<head> para o roubo
se direcionando	deslocando	0	autores de furto estariam <head>migrando<head> para o roubo
deslocando	se direcionando	1	autores de furto estariam <head>migrando<head> para o roubo
se direcionando	se mudando	0	autores de furto estariam <head>migrando<head> para o roubo
se mudando	se direcionando	1	autores de furto estariam <head>migrando<head> para o roubo
deslocando	se direcionando	0	autores de furto estariam <head>migrando<head> para o roubo
se direcionando	deslocando	1	autores de furto estariam <head>migrando<head> para o roubo
deslocando	deslocando	0	autores de furto estariam <head>migrando<head> para o roubo
deslocando	deslocando	1	autores de furto estariam <head>migrando<head> para o roubo
se mudando	se direcionando	0	autores de furto estariam <head>migrando<head> para o roubo
se direcionando	se mudando	1	autores de furto estariam <head>migrando<head> para o roubo
se mudando	deslocando	0	autores de furto estariam <head>migrando<head> para o roubo
deslocando	se mudando	1	autores de furto estariam <head>migrando<head> para o roubo
confirmado	aprovado	0	perguntado se o protocolo de kyoto será <head>ratificado<head> no caso da eleição de um democrata para a presidência em 2008 kerry surpreendeu
aprovado	confirmado	1	perguntado se o protocolo de kyoto será <head>ratificado<head> no caso da eleição de um democrata para a presidência em 2008 kerry surpreendeu
confirmado	validado	0	perguntado se o protocolo de kyoto será <head>ratificado<head> no caso da eleição de um democrata para a presidência em 2008 kerry surpreendeu
validado	confirmado	1	perguntado se o protocolo de kyoto será <head>ratificado<head> no caso da eleição de um democrata para a presidência em 2008 kerry surpreendeu
confirmado	autenticado	0	perguntado se o protocolo de kyoto será <head>ratificado<head> no caso da eleição de um democrata para a presidência em 2008 kerry surpreendeu
autenticado	confirmado	1	perguntado se o protocolo de kyoto será <head>ratificado<head> no caso da eleição de um democrata para a presidência em 2008 kerry surpreendeu
confirmado	firmado	0	perguntado se o protocolo de kyoto será <head>ratificado<head> no caso da eleição de um democrata para a presidência em 2008 kerry surpreendeu
firmado	confirmado	1	perguntado se o protocolo de kyoto será <head>ratificado<head> no caso da eleição de um democrata para a presidência em 2008 kerry surpreendeu
confirmado	estipulado	0	perguntado se o protocolo de kyoto será <head>ratificado<head> no caso da eleição de um democrata para a presidência em 2008 kerry surpreendeu
estipulado	confirmado	1	perguntado se o protocolo de kyoto será <head>ratificado<head> no caso da eleição de um democrata para a presidência em 2008 kerry surpreendeu
confirmado	corrigido	0	perguntado se o protocolo de kyoto será <head>ratificado<head> no caso da eleição de um democrata para a presidência em 2008 kerry surpreendeu
corrigido	confirmado	1	perguntado se o protocolo de kyoto será <head>ratificado<head> no caso da eleição de um democrata para a presidência em 2008 kerry surpreendeu
aprovado	aprovado	0	perguntado se o protocolo de kyoto será <head>ratificado<head> no caso da eleição de um democrata para a presidência em 2008 kerry surpreendeu
aprovado	aprovado	1	perguntado se o protocolo de kyoto será <head>ratificado<head> no caso da eleição de um democrata para a presidência em 2008 kerry surpreendeu
aprovado	validado	0	perguntado se o protocolo de kyoto será <head>ratificado<head> no caso da eleição de um democrata para a presidência em 2008 kerry surpreendeu
validado	aprovado	1	perguntado se o protocolo de kyoto será <head>ratificado<head> no caso da eleição de um democrata para a presidência em 2008 kerry surpreendeu
aprovado	firmado	0	perguntado se o protocolo de kyoto será <head>ratificado<head> no caso da eleição de um democrata para a presidência em 2008 kerry surpreendeu
firmado	aprovado	1	perguntado se o protocolo de kyoto será <head>ratificado<head> no caso da eleição de um democrata para a presidência em 2008 kerry surpreendeu
aprovado	estipulado	0	perguntado se o protocolo de kyoto será <head>ratificado<head> no caso da eleição de um democrata para a presidência em 2008 kerry surpreendeu
estipulado	aprovado	1	perguntado se o protocolo de kyoto será <head>ratificado<head> no caso da eleição de um democrata para a presidência em 2008 kerry surpreendeu
aprovado	corrigido	0	perguntado se o protocolo de kyoto será <head>ratificado<head> no caso da eleição de um democrata para a presidência em 2008 kerry surpreendeu
corrigido	aprovado	1	perguntado se o protocolo de kyoto será <head>ratificado<head> no caso da eleição de um democrata para a presidência em 2008 kerry surpreendeu
validado	validado	0	perguntado se o protocolo de kyoto será <head>ratificado<head> no caso da eleição de um democrata para a presidência em 2008 kerry surpreendeu
validado	validado	1	perguntado se o protocolo de kyoto será <head>ratificado<head> no caso da eleição de um democrata para a presidência em 2008 kerry surpreendeu
validado	autenticado	0	perguntado se o protocolo de kyoto será <head>ratificado<head> no caso da eleição de um democrata para a presidência em 2008 kerry surpreendeu
autenticado	validado	1	perguntado se o protocolo de kyoto será <head>ratificado<head> no caso da eleição de um democrata para a presidência em 2008 kerry surpreendeu
validado	firmado	0	perguntado se o protocolo de kyoto será <head>ratificado<head> no caso da eleição de um democrata para a presidência em 2008 kerry surpreendeu
firmado	validado	1	perguntado se o protocolo de kyoto será <head>ratificado<head> no caso da eleição de um democrata para a presidência em 2008 kerry surpreendeu
validado	estipulado	0	perguntado se o protocolo de kyoto será <head>ratificado<head> no caso da eleição de um democrata para a presidência em 2008 kerry surpreendeu
estipulado	validado	1	perguntado se o protocolo de kyoto será <head>ratificado<head> no caso da eleição de um democrata para a presidência em 2008 kerry surpreendeu
autenticado	autenticado	0	perguntado se o protocolo de kyoto será <head>ratificado<head> no caso da eleição de um democrata para a presidência em 2008 kerry surpreendeu
autenticado	autenticado	1	perguntado se o protocolo de kyoto será <head>ratificado<head> no caso da eleição de um democrata para a presidência em 2008 kerry surpreendeu
autenticado	firmado	0	perguntado se o protocolo de kyoto será <head>ratificado<head> no caso da eleição de um democrata para a presidência em 2008 kerry surpreendeu
firmado	autenticado	1	perguntado se o protocolo de kyoto será <head>ratificado<head> no caso da eleição de um democrata para a presidência em 2008 kerry surpreendeu
autenticado	estipulado	0	perguntado se o protocolo de kyoto será <head>ratificado<head> no caso da eleição de um democrata para a presidência em 2008 kerry surpreendeu
estipulado	autenticado	1	perguntado se o protocolo de kyoto será <head>ratificado<head> no caso da eleição de um democrata para a presidência em 2008 kerry surpreendeu
firmado	firmado	0	perguntado se o protocolo de kyoto será <head>ratificado<head> no caso da eleição de um democrata para a presidência em 2008 kerry surpreendeu
firmado	firmado	1	perguntado se o protocolo de kyoto será <head>ratificado<head> no caso da eleição de um democrata para a presidência em 2008 kerry surpreendeu
firmado	estipulado	0	perguntado se o protocolo de kyoto será <head>ratificado<head> no caso da eleição de um democrata para a presidência em 2008 kerry surpreendeu
estipulado	firmado	1	perguntado se o protocolo de kyoto será <head>ratificado<head> no caso da eleição de um democrata para a presidência em 2008 kerry surpreendeu
estipulado	estipulado	0	perguntado se o protocolo de kyoto será <head>ratificado<head> no caso da eleição de um democrata para a presidência em 2008 kerry surpreendeu
estipulado	estipulado	1	perguntado se o protocolo de kyoto será <head>ratificado<head> no caso da eleição de um democrata para a presidência em 2008 kerry surpreendeu
estipulado	corrigido	0	perguntado se o protocolo de kyoto será <head>ratificado<head> no caso da eleição de um democrata para a presidência em 2008 kerry surpreendeu
corrigido	estipulado	1	perguntado se o protocolo de kyoto será <head>ratificado<head> no caso da eleição de um democrata para a presidência em 2008 kerry surpreendeu
corrigido	firmado	0	perguntado se o protocolo de kyoto será <head>ratificado<head> no caso da eleição de um democrata para a presidência em 2008 kerry surpreendeu
firmado	corrigido	1	perguntado se o protocolo de kyoto será <head>ratificado<head> no caso da eleição de um democrata para a presidência em 2008 kerry surpreendeu
corrigido	estipulado	0	perguntado se o protocolo de kyoto será <head>ratificado<head> no caso da eleição de um democrata para a presidência em 2008 kerry surpreendeu
estipulado	corrigido	1	perguntado se o protocolo de kyoto será <head>ratificado<head> no caso da eleição de um democrata para a presidência em 2008 kerry surpreendeu
diversidade	variedade	0	os reis magos no entanto são o oposto estão em plena forma física e representam um exemplo de <head>pluralidade<head> racial e integração
variedade	diversidade	1	os reis magos no entanto são o oposto estão em plena forma física e representam um exemplo de <head>pluralidade<head> racial e integração
diversidade	numerosidade	0	os reis magos no entanto são o oposto estão em plena forma física e representam um exemplo de <head>pluralidade<head> racial e integração
numerosidade	diversidade	1	os reis magos no entanto são o oposto estão em plena forma física e representam um exemplo de <head>pluralidade<head> racial e integração
diversidade	multiplicidade	0	os reis magos no entanto são o oposto estão em plena forma física e representam um exemplo de <head>pluralidade<head> racial e integração
multiplicidade	diversidade	1	os reis magos no entanto são o oposto estão em plena forma física e representam um exemplo de <head>pluralidade<head> racial e integração
diversidade	maioria	0	os reis magos no entanto são o oposto estão em plena forma física e representam um exemplo de <head>pluralidade<head> racial e integração
maioria	diversidade	1	os reis magos no entanto são o oposto estão em plena forma física e representam um exemplo de <head>pluralidade<head> racial e integração
diversidade	diferentes	0	os reis magos no entanto são o oposto estão em plena forma física e representam um exemplo de <head>pluralidade<head> racial e integração
diferentes	diversidade	1	os reis magos no entanto são o oposto estão em plena forma física e representam um exemplo de <head>pluralidade<head> racial e integração
variedade	numerosidade	0	os reis magos no entanto são o oposto estão em plena forma física e representam um exemplo de <head>pluralidade<head> racial e integração
numerosidade	variedade	1	os reis magos no entanto são o oposto estão em plena forma física e representam um exemplo de <head>pluralidade<head> racial e integração
variedade	maioria	0	os reis magos no entanto são o oposto estão em plena forma física e representam um exemplo de <head>pluralidade<head> racial e integração
maioria	variedade	1	os reis magos no entanto são o oposto estão em plena forma física e representam um exemplo de <head>pluralidade<head> racial e integração
numerosidade	numerosidade	0	os reis magos no entanto são o oposto estão em plena forma física e representam um exemplo de <head>pluralidade<head> racial e integração
numerosidade	numerosidade	1	os reis magos no entanto são o oposto estão em plena forma física e representam um exemplo de <head>pluralidade<head> racial e integração
numerosidade	multiplicidade	0	os reis magos no entanto são o oposto estão em plena forma física e representam um exemplo de <head>pluralidade<head> racial e integração
multiplicidade	numerosidade	1	os reis magos no entanto são o oposto estão em plena forma física e representam um exemplo de <head>pluralidade<head> racial e integração
numerosidade	maioria	0	os reis magos no entanto são o oposto estão em plena forma física e representam um exemplo de <head>pluralidade<head> racial e integração
maioria	numerosidade	1	os reis magos no entanto são o oposto estão em plena forma física e representam um exemplo de <head>pluralidade<head> racial e integração
numerosidade	diferentes	0	os reis magos no entanto são o oposto estão em plena forma física e representam um exemplo de <head>pluralidade<head> racial e integração
diferentes	numerosidade	1	os reis magos no entanto são o oposto estão em plena forma física e representam um exemplo de <head>pluralidade<head> racial e integração
multiplicidade	multiplicidade	0	os reis magos no entanto são o oposto estão em plena forma física e representam um exemplo de <head>pluralidade<head> racial e integração
multiplicidade	multiplicidade	1	os reis magos no entanto são o oposto estão em plena forma física e representam um exemplo de <head>pluralidade<head> racial e integração
multiplicidade	diferentes	0	os reis magos no entanto são o oposto estão em plena forma física e representam um exemplo de <head>pluralidade<head> racial e integração
diferentes	multiplicidade	1	os reis magos no entanto são o oposto estão em plena forma física e representam um exemplo de <head>pluralidade<head> racial e integração
maioria	maioria	0	os reis magos no entanto são o oposto estão em plena forma física e representam um exemplo de <head>pluralidade<head> racial e integração
maioria	maioria	1	os reis magos no entanto são o oposto estão em plena forma física e representam um exemplo de <head>pluralidade<head> racial e integração
diferentes	multiplicidade	0	os reis magos no entanto são o oposto estão em plena forma física e representam um exemplo de <head>pluralidade<head> racial e integração
multiplicidade	diferentes	1	os reis magos no entanto são o oposto estão em plena forma física e representam um exemplo de <head>pluralidade<head> racial e integração
diferentes	maioria	0	os reis magos no entanto são o oposto estão em plena forma física e representam um exemplo de <head>pluralidade<head> racial e integração
maioria	diferentes	1	os reis magos no entanto são o oposto estão em plena forma física e representam um exemplo de <head>pluralidade<head> racial e integração
diferentes	diferentes	0	os reis magos no entanto são o oposto estão em plena forma física e representam um exemplo de <head>pluralidade<head> racial e integração
diferentes	diferentes	1	os reis magos no entanto são o oposto estão em plena forma física e representam um exemplo de <head>pluralidade<head> racial e integração
