mandatory	essential	0	A Spanish government source, however, later said that banks able to cover by themselves losses on their toxic property assets will not be forced to remove them from their books while it will be <head>compulsory<head> for those receiving public help.
essential	mandatory	1	A Spanish government source, however, later said that banks able to cover by themselves losses on their toxic property assets will not be forced to remove them from their books while it will be <head>compulsory<head> for those receiving public help.
mandatory	important	0	A Spanish government source, however, later said that banks able to cover by themselves losses on their toxic property assets will not be forced to remove them from their books while it will be <head>compulsory<head> for those receiving public help.
important	mandatory	1	A Spanish government source, however, later said that banks able to cover by themselves losses on their toxic property assets will not be forced to remove them from their books while it will be <head>compulsory<head> for those receiving public help.
mandatory	manadatory	0	A Spanish government source, however, later said that banks able to cover by themselves losses on their toxic property assets will not be forced to remove them from their books while it will be <head>compulsory<head> for those receiving public help.
manadatory	mandatory	1	A Spanish government source, however, later said that banks able to cover by themselves losses on their toxic property assets will not be forced to remove them from their books while it will be <head>compulsory<head> for those receiving public help.
mandatory	necessary	0	A Spanish government source, however, later said that banks able to cover by themselves losses on their toxic property assets will not be forced to remove them from their books while it will be <head>compulsory<head> for those receiving public help.
necessary	mandatory	1	A Spanish government source, however, later said that banks able to cover by themselves losses on their toxic property assets will not be forced to remove them from their books while it will be <head>compulsory<head> for those receiving public help.
mandatory	unavoidable	0	A Spanish government source, however, later said that banks able to cover by themselves losses on their toxic property assets will not be forced to remove them from their books while it will be <head>compulsory<head> for those receiving public help.
unavoidable	mandatory	1	A Spanish government source, however, later said that banks able to cover by themselves losses on their toxic property assets will not be forced to remove them from their books while it will be <head>compulsory<head> for those receiving public help.
required	forced	0	A Spanish government source, however, later said that banks able to cover by themselves losses on their toxic property assets will not be forced to remove them from their books while it will be <head>compulsory<head> for those receiving public help.
forced	required	1	A Spanish government source, however, later said that banks able to cover by themselves losses on their toxic property assets will not be forced to remove them from their books while it will be <head>compulsory<head> for those receiving public help.
required	important	0	A Spanish government source, however, later said that banks able to cover by themselves losses on their toxic property assets will not be forced to remove them from their books while it will be <head>compulsory<head> for those receiving public help.
important	required	1	A Spanish government source, however, later said that banks able to cover by themselves losses on their toxic property assets will not be forced to remove them from their books while it will be <head>compulsory<head> for those receiving public help.
required	necessary	0	A Spanish government source, however, later said that banks able to cover by themselves losses on their toxic property assets will not be forced to remove them from their books while it will be <head>compulsory<head> for those receiving public help.
necessary	required	1	A Spanish government source, however, later said that banks able to cover by themselves losses on their toxic property assets will not be forced to remove them from their books while it will be <head>compulsory<head> for those receiving public help.
required	obligatory	0	A Spanish government source, however, later said that banks able to cover by themselves losses on their toxic property assets will not be forced to remove them from their books while it will be <head>compulsory<head> for those receiving public help.
obligatory	required	1	A Spanish government source, however, later said that banks able to cover by themselves losses on their toxic property assets will not be forced to remove them from their books while it will be <head>compulsory<head> for those receiving public help.
infused	ingrained	0	Rajoy's conservative government had <head>instilled<head> markets with a brief dose of confidence by stepping into Bankia, performing a U-turn on its refusal to spend public money to rescue banks.
ingrained	infused	1	Rajoy's conservative government had <head>instilled<head> markets with a brief dose of confidence by stepping into Bankia, performing a U-turn on its refusal to spend public money to rescue banks.
infused	inspired	0	Rajoy's conservative government had <head>instilled<head> markets with a brief dose of confidence by stepping into Bankia, performing a U-turn on its refusal to spend public money to rescue banks.
inspired	infused	1	Rajoy's conservative government had <head>instilled<head> markets with a brief dose of confidence by stepping into Bankia, performing a U-turn on its refusal to spend public money to rescue banks.
infused	promoted	0	Rajoy's conservative government had <head>instilled<head> markets with a brief dose of confidence by stepping into Bankia, performing a U-turn on its refusal to spend public money to rescue banks.
promoted	infused	1	Rajoy's conservative government had <head>instilled<head> markets with a brief dose of confidence by stepping into Bankia, performing a U-turn on its refusal to spend public money to rescue banks.
introduced	filled	0	Rajoy's conservative government had <head>instilled<head> markets with a brief dose of confidence by stepping into Bankia, performing a U-turn on its refusal to spend public money to rescue banks.
filled	introduced	1	Rajoy's conservative government had <head>instilled<head> markets with a brief dose of confidence by stepping into Bankia, performing a U-turn on its refusal to spend public money to rescue banks.
introduced	ingrained	0	Rajoy's conservative government had <head>instilled<head> markets with a brief dose of confidence by stepping into Bankia, performing a U-turn on its refusal to spend public money to rescue banks.
ingrained	introduced	1	Rajoy's conservative government had <head>instilled<head> markets with a brief dose of confidence by stepping into Bankia, performing a U-turn on its refusal to spend public money to rescue banks.
introduced	promoted	0	Rajoy's conservative government had <head>instilled<head> markets with a brief dose of confidence by stepping into Bankia, performing a U-turn on its refusal to spend public money to rescue banks.
promoted	introduced	1	Rajoy's conservative government had <head>instilled<head> markets with a brief dose of confidence by stepping into Bankia, performing a U-turn on its refusal to spend public money to rescue banks.
infused	anewed	0	Rajoy's conservative government had <head>instilled<head> markets with a brief dose of confidence by stepping into Bankia, performing a U-turn on its refusal to spend public money to rescue banks.
anewed	infused	1	Rajoy's conservative government had <head>instilled<head> markets with a brief dose of confidence by stepping into Bankia, performing a U-turn on its refusal to spend public money to rescue banks.
infused	created	0	Rajoy's conservative government had <head>instilled<head> markets with a brief dose of confidence by stepping into Bankia, performing a U-turn on its refusal to spend public money to rescue banks.
created	infused	1	Rajoy's conservative government had <head>instilled<head> markets with a brief dose of confidence by stepping into Bankia, performing a U-turn on its refusal to spend public money to rescue banks.
infused	generated	0	Rajoy's conservative government had <head>instilled<head> markets with a brief dose of confidence by stepping into Bankia, performing a U-turn on its refusal to spend public money to rescue banks.
generated	infused	1	Rajoy's conservative government had <head>instilled<head> markets with a brief dose of confidence by stepping into Bankia, performing a U-turn on its refusal to spend public money to rescue banks.
infused	implanted	0	Rajoy's conservative government had <head>instilled<head> markets with a brief dose of confidence by stepping into Bankia, performing a U-turn on its refusal to spend public money to rescue banks.
implanted	infused	1	Rajoy's conservative government had <head>instilled<head> markets with a brief dose of confidence by stepping into Bankia, performing a U-turn on its refusal to spend public money to rescue banks.
infused	put	0	Rajoy's conservative government had <head>instilled<head> markets with a brief dose of confidence by stepping into Bankia, performing a U-turn on its refusal to spend public money to rescue banks.
put	infused	1	Rajoy's conservative government had <head>instilled<head> markets with a brief dose of confidence by stepping into Bankia, performing a U-turn on its refusal to spend public money to rescue banks.
infused	set	0	Rajoy's conservative government had <head>instilled<head> markets with a brief dose of confidence by stepping into Bankia, performing a U-turn on its refusal to spend public money to rescue banks.
set	infused	1	Rajoy's conservative government had <head>instilled<head> markets with a brief dose of confidence by stepping into Bankia, performing a U-turn on its refusal to spend public money to rescue banks.
infused	teased	0	Rajoy's conservative government had <head>instilled<head> markets with a brief dose of confidence by stepping into Bankia, performing a U-turn on its refusal to spend public money to rescue banks.
teased	infused	1	Rajoy's conservative government had <head>instilled<head> markets with a brief dose of confidence by stepping into Bankia, performing a U-turn on its refusal to spend public money to rescue banks.
introduced	fixed	0	Rajoy's conservative government had <head>instilled<head> markets with a brief dose of confidence by stepping into Bankia, performing a U-turn on its refusal to spend public money to rescue banks.
fixed	introduced	1	Rajoy's conservative government had <head>instilled<head> markets with a brief dose of confidence by stepping into Bankia, performing a U-turn on its refusal to spend public money to rescue banks.
introduced	implanted	0	Rajoy's conservative government had <head>instilled<head> markets with a brief dose of confidence by stepping into Bankia, performing a U-turn on its refusal to spend public money to rescue banks.
implanted	introduced	1	Rajoy's conservative government had <head>instilled<head> markets with a brief dose of confidence by stepping into Bankia, performing a U-turn on its refusal to spend public money to rescue banks.
introduced	imprinted	0	Rajoy's conservative government had <head>instilled<head> markets with a brief dose of confidence by stepping into Bankia, performing a U-turn on its refusal to spend public money to rescue banks.
imprinted	introduced	1	Rajoy's conservative government had <head>instilled<head> markets with a brief dose of confidence by stepping into Bankia, performing a U-turn on its refusal to spend public money to rescue banks.
introduced	placed	0	Rajoy's conservative government had <head>instilled<head> markets with a brief dose of confidence by stepping into Bankia, performing a U-turn on its refusal to spend public money to rescue banks.
placed	introduced	1	Rajoy's conservative government had <head>instilled<head> markets with a brief dose of confidence by stepping into Bankia, performing a U-turn on its refusal to spend public money to rescue banks.
introduced	put	0	Rajoy's conservative government had <head>instilled<head> markets with a brief dose of confidence by stepping into Bankia, performing a U-turn on its refusal to spend public money to rescue banks.
put	introduced	1	Rajoy's conservative government had <head>instilled<head> markets with a brief dose of confidence by stepping into Bankia, performing a U-turn on its refusal to spend public money to rescue banks.
introduced	set	0	Rajoy's conservative government had <head>instilled<head> markets with a brief dose of confidence by stepping into Bankia, performing a U-turn on its refusal to spend public money to rescue banks.
set	introduced	1	Rajoy's conservative government had <head>instilled<head> markets with a brief dose of confidence by stepping into Bankia, performing a U-turn on its refusal to spend public money to rescue banks.
introduced	teased	0	Rajoy's conservative government had <head>instilled<head> markets with a brief dose of confidence by stepping into Bankia, performing a U-turn on its refusal to spend public money to rescue banks.
teased	introduced	1	Rajoy's conservative government had <head>instilled<head> markets with a brief dose of confidence by stepping into Bankia, performing a U-turn on its refusal to spend public money to rescue banks.
filled	anewed	0	Rajoy's conservative government had <head>instilled<head> markets with a brief dose of confidence by stepping into Bankia, performing a U-turn on its refusal to spend public money to rescue banks.
anewed	filled	1	Rajoy's conservative government had <head>instilled<head> markets with a brief dose of confidence by stepping into Bankia, performing a U-turn on its refusal to spend public money to rescue banks.
filled	created	0	Rajoy's conservative government had <head>instilled<head> markets with a brief dose of confidence by stepping into Bankia, performing a U-turn on its refusal to spend public money to rescue banks.
created	filled	1	Rajoy's conservative government had <head>instilled<head> markets with a brief dose of confidence by stepping into Bankia, performing a U-turn on its refusal to spend public money to rescue banks.
filled	generated	0	Rajoy's conservative government had <head>instilled<head> markets with a brief dose of confidence by stepping into Bankia, performing a U-turn on its refusal to spend public money to rescue banks.
generated	filled	1	Rajoy's conservative government had <head>instilled<head> markets with a brief dose of confidence by stepping into Bankia, performing a U-turn on its refusal to spend public money to rescue banks.
filled	implanted	0	Rajoy's conservative government had <head>instilled<head> markets with a brief dose of confidence by stepping into Bankia, performing a U-turn on its refusal to spend public money to rescue banks.
implanted	filled	1	Rajoy's conservative government had <head>instilled<head> markets with a brief dose of confidence by stepping into Bankia, performing a U-turn on its refusal to spend public money to rescue banks.
filled	imprinted	0	Rajoy's conservative government had <head>instilled<head> markets with a brief dose of confidence by stepping into Bankia, performing a U-turn on its refusal to spend public money to rescue banks.
imprinted	filled	1	Rajoy's conservative government had <head>instilled<head> markets with a brief dose of confidence by stepping into Bankia, performing a U-turn on its refusal to spend public money to rescue banks.
filled	put	0	Rajoy's conservative government had <head>instilled<head> markets with a brief dose of confidence by stepping into Bankia, performing a U-turn on its refusal to spend public money to rescue banks.
put	filled	1	Rajoy's conservative government had <head>instilled<head> markets with a brief dose of confidence by stepping into Bankia, performing a U-turn on its refusal to spend public money to rescue banks.
filled	set	0	Rajoy's conservative government had <head>instilled<head> markets with a brief dose of confidence by stepping into Bankia, performing a U-turn on its refusal to spend public money to rescue banks.
set	filled	1	Rajoy's conservative government had <head>instilled<head> markets with a brief dose of confidence by stepping into Bankia, performing a U-turn on its refusal to spend public money to rescue banks.
filled	teased	0	Rajoy's conservative government had <head>instilled<head> markets with a brief dose of confidence by stepping into Bankia, performing a U-turn on its refusal to spend public money to rescue banks.
teased	filled	1	Rajoy's conservative government had <head>instilled<head> markets with a brief dose of confidence by stepping into Bankia, performing a U-turn on its refusal to spend public money to rescue banks.
impressed	anewed	0	Rajoy's conservative government had <head>instilled<head> markets with a brief dose of confidence by stepping into Bankia, performing a U-turn on its refusal to spend public money to rescue banks.
anewed	impressed	1	Rajoy's conservative government had <head>instilled<head> markets with a brief dose of confidence by stepping into Bankia, performing a U-turn on its refusal to spend public money to rescue banks.
impressed	created	0	Rajoy's conservative government had <head>instilled<head> markets with a brief dose of confidence by stepping into Bankia, performing a U-turn on its refusal to spend public money to rescue banks.
created	impressed	1	Rajoy's conservative government had <head>instilled<head> markets with a brief dose of confidence by stepping into Bankia, performing a U-turn on its refusal to spend public money to rescue banks.
impressed	generated	0	Rajoy's conservative government had <head>instilled<head> markets with a brief dose of confidence by stepping into Bankia, performing a U-turn on its refusal to spend public money to rescue banks.
generated	impressed	1	Rajoy's conservative government had <head>instilled<head> markets with a brief dose of confidence by stepping into Bankia, performing a U-turn on its refusal to spend public money to rescue banks.
impressed	implanted	0	Rajoy's conservative government had <head>instilled<head> markets with a brief dose of confidence by stepping into Bankia, performing a U-turn on its refusal to spend public money to rescue banks.
implanted	impressed	1	Rajoy's conservative government had <head>instilled<head> markets with a brief dose of confidence by stepping into Bankia, performing a U-turn on its refusal to spend public money to rescue banks.
impressed	imprinted	0	Rajoy's conservative government had <head>instilled<head> markets with a brief dose of confidence by stepping into Bankia, performing a U-turn on its refusal to spend public money to rescue banks.
imprinted	impressed	1	Rajoy's conservative government had <head>instilled<head> markets with a brief dose of confidence by stepping into Bankia, performing a U-turn on its refusal to spend public money to rescue banks.
impressed	placed	0	Rajoy's conservative government had <head>instilled<head> markets with a brief dose of confidence by stepping into Bankia, performing a U-turn on its refusal to spend public money to rescue banks.
placed	impressed	1	Rajoy's conservative government had <head>instilled<head> markets with a brief dose of confidence by stepping into Bankia, performing a U-turn on its refusal to spend public money to rescue banks.
impressed	put	0	Rajoy's conservative government had <head>instilled<head> markets with a brief dose of confidence by stepping into Bankia, performing a U-turn on its refusal to spend public money to rescue banks.
put	impressed	1	Rajoy's conservative government had <head>instilled<head> markets with a brief dose of confidence by stepping into Bankia, performing a U-turn on its refusal to spend public money to rescue banks.
impressed	set	0	Rajoy's conservative government had <head>instilled<head> markets with a brief dose of confidence by stepping into Bankia, performing a U-turn on its refusal to spend public money to rescue banks.
set	impressed	1	Rajoy's conservative government had <head>instilled<head> markets with a brief dose of confidence by stepping into Bankia, performing a U-turn on its refusal to spend public money to rescue banks.
impressed	teased	0	Rajoy's conservative government had <head>instilled<head> markets with a brief dose of confidence by stepping into Bankia, performing a U-turn on its refusal to spend public money to rescue banks.
teased	impressed	1	Rajoy's conservative government had <head>instilled<head> markets with a brief dose of confidence by stepping into Bankia, performing a U-turn on its refusal to spend public money to rescue banks.
ingrained	created	0	Rajoy's conservative government had <head>instilled<head> markets with a brief dose of confidence by stepping into Bankia, performing a U-turn on its refusal to spend public money to rescue banks.
created	ingrained	1	Rajoy's conservative government had <head>instilled<head> markets with a brief dose of confidence by stepping into Bankia, performing a U-turn on its refusal to spend public money to rescue banks.
ingrained	fixed	0	Rajoy's conservative government had <head>instilled<head> markets with a brief dose of confidence by stepping into Bankia, performing a U-turn on its refusal to spend public money to rescue banks.
fixed	ingrained	1	Rajoy's conservative government had <head>instilled<head> markets with a brief dose of confidence by stepping into Bankia, performing a U-turn on its refusal to spend public money to rescue banks.
ingrained	implanted	0	Rajoy's conservative government had <head>instilled<head> markets with a brief dose of confidence by stepping into Bankia, performing a U-turn on its refusal to spend public money to rescue banks.
implanted	ingrained	1	Rajoy's conservative government had <head>instilled<head> markets with a brief dose of confidence by stepping into Bankia, performing a U-turn on its refusal to spend public money to rescue banks.
ingrained	imprinted	0	Rajoy's conservative government had <head>instilled<head> markets with a brief dose of confidence by stepping into Bankia, performing a U-turn on its refusal to spend public money to rescue banks.
imprinted	ingrained	1	Rajoy's conservative government had <head>instilled<head> markets with a brief dose of confidence by stepping into Bankia, performing a U-turn on its refusal to spend public money to rescue banks.
ingrained	placed	0	Rajoy's conservative government had <head>instilled<head> markets with a brief dose of confidence by stepping into Bankia, performing a U-turn on its refusal to spend public money to rescue banks.
placed	ingrained	1	Rajoy's conservative government had <head>instilled<head> markets with a brief dose of confidence by stepping into Bankia, performing a U-turn on its refusal to spend public money to rescue banks.
ingrained	put	0	Rajoy's conservative government had <head>instilled<head> markets with a brief dose of confidence by stepping into Bankia, performing a U-turn on its refusal to spend public money to rescue banks.
put	ingrained	1	Rajoy's conservative government had <head>instilled<head> markets with a brief dose of confidence by stepping into Bankia, performing a U-turn on its refusal to spend public money to rescue banks.
ingrained	teased	0	Rajoy's conservative government had <head>instilled<head> markets with a brief dose of confidence by stepping into Bankia, performing a U-turn on its refusal to spend public money to rescue banks.
teased	ingrained	1	Rajoy's conservative government had <head>instilled<head> markets with a brief dose of confidence by stepping into Bankia, performing a U-turn on its refusal to spend public money to rescue banks.
inspired	anewed	0	Rajoy's conservative government had <head>instilled<head> markets with a brief dose of confidence by stepping into Bankia, performing a U-turn on its refusal to spend public money to rescue banks.
anewed	inspired	1	Rajoy's conservative government had <head>instilled<head> markets with a brief dose of confidence by stepping into Bankia, performing a U-turn on its refusal to spend public money to rescue banks.
inspired	created	0	Rajoy's conservative government had <head>instilled<head> markets with a brief dose of confidence by stepping into Bankia, performing a U-turn on its refusal to spend public money to rescue banks.
created	inspired	1	Rajoy's conservative government had <head>instilled<head> markets with a brief dose of confidence by stepping into Bankia, performing a U-turn on its refusal to spend public money to rescue banks.
inspired	generated	0	Rajoy's conservative government had <head>instilled<head> markets with a brief dose of confidence by stepping into Bankia, performing a U-turn on its refusal to spend public money to rescue banks.
generated	inspired	1	Rajoy's conservative government had <head>instilled<head> markets with a brief dose of confidence by stepping into Bankia, performing a U-turn on its refusal to spend public money to rescue banks.
inspired	imprinted	0	Rajoy's conservative government had <head>instilled<head> markets with a brief dose of confidence by stepping into Bankia, performing a U-turn on its refusal to spend public money to rescue banks.
imprinted	inspired	1	Rajoy's conservative government had <head>instilled<head> markets with a brief dose of confidence by stepping into Bankia, performing a U-turn on its refusal to spend public money to rescue banks.
inspired	placed	0	Rajoy's conservative government had <head>instilled<head> markets with a brief dose of confidence by stepping into Bankia, performing a U-turn on its refusal to spend public money to rescue banks.
placed	inspired	1	Rajoy's conservative government had <head>instilled<head> markets with a brief dose of confidence by stepping into Bankia, performing a U-turn on its refusal to spend public money to rescue banks.
inspired	put	0	Rajoy's conservative government had <head>instilled<head> markets with a brief dose of confidence by stepping into Bankia, performing a U-turn on its refusal to spend public money to rescue banks.
put	inspired	1	Rajoy's conservative government had <head>instilled<head> markets with a brief dose of confidence by stepping into Bankia, performing a U-turn on its refusal to spend public money to rescue banks.
inspired	teased	0	Rajoy's conservative government had <head>instilled<head> markets with a brief dose of confidence by stepping into Bankia, performing a U-turn on its refusal to spend public money to rescue banks.
teased	inspired	1	Rajoy's conservative government had <head>instilled<head> markets with a brief dose of confidence by stepping into Bankia, performing a U-turn on its refusal to spend public money to rescue banks.
promoted	anewed	0	Rajoy's conservative government had <head>instilled<head> markets with a brief dose of confidence by stepping into Bankia, performing a U-turn on its refusal to spend public money to rescue banks.
anewed	promoted	1	Rajoy's conservative government had <head>instilled<head> markets with a brief dose of confidence by stepping into Bankia, performing a U-turn on its refusal to spend public money to rescue banks.
promoted	created	0	Rajoy's conservative government had <head>instilled<head> markets with a brief dose of confidence by stepping into Bankia, performing a U-turn on its refusal to spend public money to rescue banks.
created	promoted	1	Rajoy's conservative government had <head>instilled<head> markets with a brief dose of confidence by stepping into Bankia, performing a U-turn on its refusal to spend public money to rescue banks.
promoted	fixed	0	Rajoy's conservative government had <head>instilled<head> markets with a brief dose of confidence by stepping into Bankia, performing a U-turn on its refusal to spend public money to rescue banks.
fixed	promoted	1	Rajoy's conservative government had <head>instilled<head> markets with a brief dose of confidence by stepping into Bankia, performing a U-turn on its refusal to spend public money to rescue banks.
promoted	implanted	0	Rajoy's conservative government had <head>instilled<head> markets with a brief dose of confidence by stepping into Bankia, performing a U-turn on its refusal to spend public money to rescue banks.
implanted	promoted	1	Rajoy's conservative government had <head>instilled<head> markets with a brief dose of confidence by stepping into Bankia, performing a U-turn on its refusal to spend public money to rescue banks.
promoted	imprinted	0	Rajoy's conservative government had <head>instilled<head> markets with a brief dose of confidence by stepping into Bankia, performing a U-turn on its refusal to spend public money to rescue banks.
imprinted	promoted	1	Rajoy's conservative government had <head>instilled<head> markets with a brief dose of confidence by stepping into Bankia, performing a U-turn on its refusal to spend public money to rescue banks.
promoted	placed	0	Rajoy's conservative government had <head>instilled<head> markets with a brief dose of confidence by stepping into Bankia, performing a U-turn on its refusal to spend public money to rescue banks.
placed	promoted	1	Rajoy's conservative government had <head>instilled<head> markets with a brief dose of confidence by stepping into Bankia, performing a U-turn on its refusal to spend public money to rescue banks.
promoted	set	0	Rajoy's conservative government had <head>instilled<head> markets with a brief dose of confidence by stepping into Bankia, performing a U-turn on its refusal to spend public money to rescue banks.
set	promoted	1	Rajoy's conservative government had <head>instilled<head> markets with a brief dose of confidence by stepping into Bankia, performing a U-turn on its refusal to spend public money to rescue banks.
promoted	teased	0	Rajoy's conservative government had <head>instilled<head> markets with a brief dose of confidence by stepping into Bankia, performing a U-turn on its refusal to spend public money to rescue banks.
teased	promoted	1	Rajoy's conservative government had <head>instilled<head> markets with a brief dose of confidence by stepping into Bankia, performing a U-turn on its refusal to spend public money to rescue banks.
fanatics	crazies	0	#34-3 "War <head>maniacs<head> of the South Korean puppet military made another grave provocation to the DPRK in the central western sector of the front on Thursday afternoon.
crazies	fanatics	1	#34-3 "War <head>maniacs<head> of the South Korean puppet military made another grave provocation to the DPRK in the central western sector of the front on Thursday afternoon.
fanatics	addicts	0	#34-3 "War <head>maniacs<head> of the South Korean puppet military made another grave provocation to the DPRK in the central western sector of the front on Thursday afternoon.
addicts	fanatics	1	#34-3 "War <head>maniacs<head> of the South Korean puppet military made another grave provocation to the DPRK in the central western sector of the front on Thursday afternoon.
fanatics	fans	0	#34-3 "War <head>maniacs<head> of the South Korean puppet military made another grave provocation to the DPRK in the central western sector of the front on Thursday afternoon.
fans	fanatics	1	#34-3 "War <head>maniacs<head> of the South Korean puppet military made another grave provocation to the DPRK in the central western sector of the front on Thursday afternoon.
fanatics	lunatics	0	#34-3 "War <head>maniacs<head> of the South Korean puppet military made another grave provocation to the DPRK in the central western sector of the front on Thursday afternoon.
lunatics	fanatics	1	#34-3 "War <head>maniacs<head> of the South Korean puppet military made another grave provocation to the DPRK in the central western sector of the front on Thursday afternoon.
fanatics	fools	0	#34-3 "War <head>maniacs<head> of the South Korean puppet military made another grave provocation to the DPRK in the central western sector of the front on Thursday afternoon.
fools	fanatics	1	#34-3 "War <head>maniacs<head> of the South Korean puppet military made another grave provocation to the DPRK in the central western sector of the front on Thursday afternoon.
fanatics	maniacs	0	#34-3 "War <head>maniacs<head> of the South Korean puppet military made another grave provocation to the DPRK in the central western sector of the front on Thursday afternoon.
maniacs	fanatics	1	#34-3 "War <head>maniacs<head> of the South Korean puppet military made another grave provocation to the DPRK in the central western sector of the front on Thursday afternoon.
fanatics	nuts	0	#34-3 "War <head>maniacs<head> of the South Korean puppet military made another grave provocation to the DPRK in the central western sector of the front on Thursday afternoon.
nuts	fanatics	1	#34-3 "War <head>maniacs<head> of the South Korean puppet military made another grave provocation to the DPRK in the central western sector of the front on Thursday afternoon.
crazies	addicts	0	#34-3 "War <head>maniacs<head> of the South Korean puppet military made another grave provocation to the DPRK in the central western sector of the front on Thursday afternoon.
addicts	crazies	1	#34-3 "War <head>maniacs<head> of the South Korean puppet military made another grave provocation to the DPRK in the central western sector of the front on Thursday afternoon.
crazies	fans	0	#34-3 "War <head>maniacs<head> of the South Korean puppet military made another grave provocation to the DPRK in the central western sector of the front on Thursday afternoon.
fans	crazies	1	#34-3 "War <head>maniacs<head> of the South Korean puppet military made another grave provocation to the DPRK in the central western sector of the front on Thursday afternoon.
crazies	lunatics	0	#34-3 "War <head>maniacs<head> of the South Korean puppet military made another grave provocation to the DPRK in the central western sector of the front on Thursday afternoon.
lunatics	crazies	1	#34-3 "War <head>maniacs<head> of the South Korean puppet military made another grave provocation to the DPRK in the central western sector of the front on Thursday afternoon.
freaks	addicts	0	#34-3 "War <head>maniacs<head> of the South Korean puppet military made another grave provocation to the DPRK in the central western sector of the front on Thursday afternoon.
addicts	freaks	1	#34-3 "War <head>maniacs<head> of the South Korean puppet military made another grave provocation to the DPRK in the central western sector of the front on Thursday afternoon.
freaks	fans	0	#34-3 "War <head>maniacs<head> of the South Korean puppet military made another grave provocation to the DPRK in the central western sector of the front on Thursday afternoon.
fans	freaks	1	#34-3 "War <head>maniacs<head> of the South Korean puppet military made another grave provocation to the DPRK in the central western sector of the front on Thursday afternoon.
crazies	enthusiasts	0	#34-3 "War <head>maniacs<head> of the South Korean puppet military made another grave provocation to the DPRK in the central western sector of the front on Thursday afternoon.
enthusiasts	crazies	1	#34-3 "War <head>maniacs<head> of the South Korean puppet military made another grave provocation to the DPRK in the central western sector of the front on Thursday afternoon.
crazies	fiends	0	#34-3 "War <head>maniacs<head> of the South Korean puppet military made another grave provocation to the DPRK in the central western sector of the front on Thursday afternoon.
fiends	crazies	1	#34-3 "War <head>maniacs<head> of the South Korean puppet military made another grave provocation to the DPRK in the central western sector of the front on Thursday afternoon.
crazies	fools	0	#34-3 "War <head>maniacs<head> of the South Korean puppet military made another grave provocation to the DPRK in the central western sector of the front on Thursday afternoon.
fools	crazies	1	#34-3 "War <head>maniacs<head> of the South Korean puppet military made another grave provocation to the DPRK in the central western sector of the front on Thursday afternoon.
crazies	hawks	0	#34-3 "War <head>maniacs<head> of the South Korean puppet military made another grave provocation to the DPRK in the central western sector of the front on Thursday afternoon.
hawks	crazies	1	#34-3 "War <head>maniacs<head> of the South Korean puppet military made another grave provocation to the DPRK in the central western sector of the front on Thursday afternoon.
crazies	maniacs	0	#34-3 "War <head>maniacs<head> of the South Korean puppet military made another grave provocation to the DPRK in the central western sector of the front on Thursday afternoon.
maniacs	crazies	1	#34-3 "War <head>maniacs<head> of the South Korean puppet military made another grave provocation to the DPRK in the central western sector of the front on Thursday afternoon.
crazies	mongers	0	#34-3 "War <head>maniacs<head> of the South Korean puppet military made another grave provocation to the DPRK in the central western sector of the front on Thursday afternoon.
mongers	crazies	1	#34-3 "War <head>maniacs<head> of the South Korean puppet military made another grave provocation to the DPRK in the central western sector of the front on Thursday afternoon.
crazies	nuts	0	#34-3 "War <head>maniacs<head> of the South Korean puppet military made another grave provocation to the DPRK in the central western sector of the front on Thursday afternoon.
nuts	crazies	1	#34-3 "War <head>maniacs<head> of the South Korean puppet military made another grave provocation to the DPRK in the central western sector of the front on Thursday afternoon.
crazies	psychos	0	#34-3 "War <head>maniacs<head> of the South Korean puppet military made another grave provocation to the DPRK in the central western sector of the front on Thursday afternoon.
psychos	crazies	1	#34-3 "War <head>maniacs<head> of the South Korean puppet military made another grave provocation to the DPRK in the central western sector of the front on Thursday afternoon.
freaks	enthusiasts	0	#34-3 "War <head>maniacs<head> of the South Korean puppet military made another grave provocation to the DPRK in the central western sector of the front on Thursday afternoon.
enthusiasts	freaks	1	#34-3 "War <head>maniacs<head> of the South Korean puppet military made another grave provocation to the DPRK in the central western sector of the front on Thursday afternoon.
freaks	fiends	0	#34-3 "War <head>maniacs<head> of the South Korean puppet military made another grave provocation to the DPRK in the central western sector of the front on Thursday afternoon.
fiends	freaks	1	#34-3 "War <head>maniacs<head> of the South Korean puppet military made another grave provocation to the DPRK in the central western sector of the front on Thursday afternoon.
freaks	fools	0	#34-3 "War <head>maniacs<head> of the South Korean puppet military made another grave provocation to the DPRK in the central western sector of the front on Thursday afternoon.
fools	freaks	1	#34-3 "War <head>maniacs<head> of the South Korean puppet military made another grave provocation to the DPRK in the central western sector of the front on Thursday afternoon.
freaks	mongers	0	#34-3 "War <head>maniacs<head> of the South Korean puppet military made another grave provocation to the DPRK in the central western sector of the front on Thursday afternoon.
mongers	freaks	1	#34-3 "War <head>maniacs<head> of the South Korean puppet military made another grave provocation to the DPRK in the central western sector of the front on Thursday afternoon.
freaks	nuts	0	#34-3 "War <head>maniacs<head> of the South Korean puppet military made another grave provocation to the DPRK in the central western sector of the front on Thursday afternoon.
nuts	freaks	1	#34-3 "War <head>maniacs<head> of the South Korean puppet military made another grave provocation to the DPRK in the central western sector of the front on Thursday afternoon.
freaks	psychos	0	#34-3 "War <head>maniacs<head> of the South Korean puppet military made another grave provocation to the DPRK in the central western sector of the front on Thursday afternoon.
psychos	freaks	1	#34-3 "War <head>maniacs<head> of the South Korean puppet military made another grave provocation to the DPRK in the central western sector of the front on Thursday afternoon.
addicts	enthusiasts	0	#34-3 "War <head>maniacs<head> of the South Korean puppet military made another grave provocation to the DPRK in the central western sector of the front on Thursday afternoon.
enthusiasts	addicts	1	#34-3 "War <head>maniacs<head> of the South Korean puppet military made another grave provocation to the DPRK in the central western sector of the front on Thursday afternoon.
addicts	hawks	0	#34-3 "War <head>maniacs<head> of the South Korean puppet military made another grave provocation to the DPRK in the central western sector of the front on Thursday afternoon.
hawks	addicts	1	#34-3 "War <head>maniacs<head> of the South Korean puppet military made another grave provocation to the DPRK in the central western sector of the front on Thursday afternoon.
addicts	maniacs	0	#34-3 "War <head>maniacs<head> of the South Korean puppet military made another grave provocation to the DPRK in the central western sector of the front on Thursday afternoon.
maniacs	addicts	1	#34-3 "War <head>maniacs<head> of the South Korean puppet military made another grave provocation to the DPRK in the central western sector of the front on Thursday afternoon.
addicts	mongers	0	#34-3 "War <head>maniacs<head> of the South Korean puppet military made another grave provocation to the DPRK in the central western sector of the front on Thursday afternoon.
mongers	addicts	1	#34-3 "War <head>maniacs<head> of the South Korean puppet military made another grave provocation to the DPRK in the central western sector of the front on Thursday afternoon.
addicts	psychos	0	#34-3 "War <head>maniacs<head> of the South Korean puppet military made another grave provocation to the DPRK in the central western sector of the front on Thursday afternoon.
psychos	addicts	1	#34-3 "War <head>maniacs<head> of the South Korean puppet military made another grave provocation to the DPRK in the central western sector of the front on Thursday afternoon.
fans	enthusiasts	0	#34-3 "War <head>maniacs<head> of the South Korean puppet military made another grave provocation to the DPRK in the central western sector of the front on Thursday afternoon.
enthusiasts	fans	1	#34-3 "War <head>maniacs<head> of the South Korean puppet military made another grave provocation to the DPRK in the central western sector of the front on Thursday afternoon.
fans	fiends	0	#34-3 "War <head>maniacs<head> of the South Korean puppet military made another grave provocation to the DPRK in the central western sector of the front on Thursday afternoon.
fiends	fans	1	#34-3 "War <head>maniacs<head> of the South Korean puppet military made another grave provocation to the DPRK in the central western sector of the front on Thursday afternoon.
fans	fools	0	#34-3 "War <head>maniacs<head> of the South Korean puppet military made another grave provocation to the DPRK in the central western sector of the front on Thursday afternoon.
fools	fans	1	#34-3 "War <head>maniacs<head> of the South Korean puppet military made another grave provocation to the DPRK in the central western sector of the front on Thursday afternoon.
fans	maniacs	0	#34-3 "War <head>maniacs<head> of the South Korean puppet military made another grave provocation to the DPRK in the central western sector of the front on Thursday afternoon.
maniacs	fans	1	#34-3 "War <head>maniacs<head> of the South Korean puppet military made another grave provocation to the DPRK in the central western sector of the front on Thursday afternoon.
fans	mongers	0	#34-3 "War <head>maniacs<head> of the South Korean puppet military made another grave provocation to the DPRK in the central western sector of the front on Thursday afternoon.
mongers	fans	1	#34-3 "War <head>maniacs<head> of the South Korean puppet military made another grave provocation to the DPRK in the central western sector of the front on Thursday afternoon.
fans	nuts	0	#34-3 "War <head>maniacs<head> of the South Korean puppet military made another grave provocation to the DPRK in the central western sector of the front on Thursday afternoon.
nuts	fans	1	#34-3 "War <head>maniacs<head> of the South Korean puppet military made another grave provocation to the DPRK in the central western sector of the front on Thursday afternoon.
fans	psychos	0	#34-3 "War <head>maniacs<head> of the South Korean puppet military made another grave provocation to the DPRK in the central western sector of the front on Thursday afternoon.
psychos	fans	1	#34-3 "War <head>maniacs<head> of the South Korean puppet military made another grave provocation to the DPRK in the central western sector of the front on Thursday afternoon.
lunatics	fiends	0	#34-3 "War <head>maniacs<head> of the South Korean puppet military made another grave provocation to the DPRK in the central western sector of the front on Thursday afternoon.
fiends	lunatics	1	#34-3 "War <head>maniacs<head> of the South Korean puppet military made another grave provocation to the DPRK in the central western sector of the front on Thursday afternoon.
lunatics	hawks	0	#34-3 "War <head>maniacs<head> of the South Korean puppet military made another grave provocation to the DPRK in the central western sector of the front on Thursday afternoon.
hawks	lunatics	1	#34-3 "War <head>maniacs<head> of the South Korean puppet military made another grave provocation to the DPRK in the central western sector of the front on Thursday afternoon.
lunatics	maniacs	0	#34-3 "War <head>maniacs<head> of the South Korean puppet military made another grave provocation to the DPRK in the central western sector of the front on Thursday afternoon.
maniacs	lunatics	1	#34-3 "War <head>maniacs<head> of the South Korean puppet military made another grave provocation to the DPRK in the central western sector of the front on Thursday afternoon.
lunatics	mongers	0	#34-3 "War <head>maniacs<head> of the South Korean puppet military made another grave provocation to the DPRK in the central western sector of the front on Thursday afternoon.
mongers	lunatics	1	#34-3 "War <head>maniacs<head> of the South Korean puppet military made another grave provocation to the DPRK in the central western sector of the front on Thursday afternoon.
lunatics	nuts	0	#34-3 "War <head>maniacs<head> of the South Korean puppet military made another grave provocation to the DPRK in the central western sector of the front on Thursday afternoon.
nuts	lunatics	1	#34-3 "War <head>maniacs<head> of the South Korean puppet military made another grave provocation to the DPRK in the central western sector of the front on Thursday afternoon.
lunatics	psychos	0	#34-3 "War <head>maniacs<head> of the South Korean puppet military made another grave provocation to the DPRK in the central western sector of the front on Thursday afternoon.
psychos	lunatics	1	#34-3 "War <head>maniacs<head> of the South Korean puppet military made another grave provocation to the DPRK in the central western sector of the front on Thursday afternoon.
watchers	spectators	0	The daily death toll in Syria has declined as the number of <head>observers<head> has risen, but few experts expect the U.N. plan to succeed in its entirety.
spectators	watchers	1	The daily death toll in Syria has declined as the number of <head>observers<head> has risen, but few experts expect the U.N. plan to succeed in its entirety.
watchers	audience	0	The daily death toll in Syria has declined as the number of <head>observers<head> has risen, but few experts expect the U.N. plan to succeed in its entirety.
audience	watchers	1	The daily death toll in Syria has declined as the number of <head>observers<head> has risen, but few experts expect the U.N. plan to succeed in its entirety.
watchers	witnesses	0	The daily death toll in Syria has declined as the number of <head>observers<head> has risen, but few experts expect the U.N. plan to succeed in its entirety.
witnesses	watchers	1	The daily death toll in Syria has declined as the number of <head>observers<head> has risen, but few experts expect the U.N. plan to succeed in its entirety.
watchers	observers	0	The daily death toll in Syria has declined as the number of <head>observers<head> has risen, but few experts expect the U.N. plan to succeed in its entirety.
observers	watchers	1	The daily death toll in Syria has declined as the number of <head>observers<head> has risen, but few experts expect the U.N. plan to succeed in its entirety.
watchers	followers	0	The daily death toll in Syria has declined as the number of <head>observers<head> has risen, but few experts expect the U.N. plan to succeed in its entirety.
followers	watchers	1	The daily death toll in Syria has declined as the number of <head>observers<head> has risen, but few experts expect the U.N. plan to succeed in its entirety.
watchers	detectives	0	The daily death toll in Syria has declined as the number of <head>observers<head> has risen, but few experts expect the U.N. plan to succeed in its entirety.
detectives	watchers	1	The daily death toll in Syria has declined as the number of <head>observers<head> has risen, but few experts expect the U.N. plan to succeed in its entirety.
watchers	reporters	0	The daily death toll in Syria has declined as the number of <head>observers<head> has risen, but few experts expect the U.N. plan to succeed in its entirety.
reporters	watchers	1	The daily death toll in Syria has declined as the number of <head>observers<head> has risen, but few experts expect the U.N. plan to succeed in its entirety.
watchers	onlookers	0	The daily death toll in Syria has declined as the number of <head>observers<head> has risen, but few experts expect the U.N. plan to succeed in its entirety.
onlookers	watchers	1	The daily death toll in Syria has declined as the number of <head>observers<head> has risen, but few experts expect the U.N. plan to succeed in its entirety.
spectators	audience	0	The daily death toll in Syria has declined as the number of <head>observers<head> has risen, but few experts expect the U.N. plan to succeed in its entirety.
audience	spectators	1	The daily death toll in Syria has declined as the number of <head>observers<head> has risen, but few experts expect the U.N. plan to succeed in its entirety.
spectators	viewers	0	The daily death toll in Syria has declined as the number of <head>observers<head> has risen, but few experts expect the U.N. plan to succeed in its entirety.
viewers	spectators	1	The daily death toll in Syria has declined as the number of <head>observers<head> has risen, but few experts expect the U.N. plan to succeed in its entirety.
spectators	witnesses	0	The daily death toll in Syria has declined as the number of <head>observers<head> has risen, but few experts expect the U.N. plan to succeed in its entirety.
witnesses	spectators	1	The daily death toll in Syria has declined as the number of <head>observers<head> has risen, but few experts expect the U.N. plan to succeed in its entirety.
spectators	observers	0	The daily death toll in Syria has declined as the number of <head>observers<head> has risen, but few experts expect the U.N. plan to succeed in its entirety.
observers	spectators	1	The daily death toll in Syria has declined as the number of <head>observers<head> has risen, but few experts expect the U.N. plan to succeed in its entirety.
spectators	followers	0	The daily death toll in Syria has declined as the number of <head>observers<head> has risen, but few experts expect the U.N. plan to succeed in its entirety.
followers	spectators	1	The daily death toll in Syria has declined as the number of <head>observers<head> has risen, but few experts expect the U.N. plan to succeed in its entirety.
spectators	detectives	0	The daily death toll in Syria has declined as the number of <head>observers<head> has risen, but few experts expect the U.N. plan to succeed in its entirety.
detectives	spectators	1	The daily death toll in Syria has declined as the number of <head>observers<head> has risen, but few experts expect the U.N. plan to succeed in its entirety.
spectators	reporters	0	The daily death toll in Syria has declined as the number of <head>observers<head> has risen, but few experts expect the U.N. plan to succeed in its entirety.
reporters	spectators	1	The daily death toll in Syria has declined as the number of <head>observers<head> has risen, but few experts expect the U.N. plan to succeed in its entirety.
spectators	onlookers	0	The daily death toll in Syria has declined as the number of <head>observers<head> has risen, but few experts expect the U.N. plan to succeed in its entirety.
onlookers	spectators	1	The daily death toll in Syria has declined as the number of <head>observers<head> has risen, but few experts expect the U.N. plan to succeed in its entirety.
audience	witnesses	0	The daily death toll in Syria has declined as the number of <head>observers<head> has risen, but few experts expect the U.N. plan to succeed in its entirety.
witnesses	audience	1	The daily death toll in Syria has declined as the number of <head>observers<head> has risen, but few experts expect the U.N. plan to succeed in its entirety.
viewers	witnesses	0	The daily death toll in Syria has declined as the number of <head>observers<head> has risen, but few experts expect the U.N. plan to succeed in its entirety.
witnesses	viewers	1	The daily death toll in Syria has declined as the number of <head>observers<head> has risen, but few experts expect the U.N. plan to succeed in its entirety.
audience	observers	0	The daily death toll in Syria has declined as the number of <head>observers<head> has risen, but few experts expect the U.N. plan to succeed in its entirety.
observers	audience	1	The daily death toll in Syria has declined as the number of <head>observers<head> has risen, but few experts expect the U.N. plan to succeed in its entirety.
audience	followers	0	The daily death toll in Syria has declined as the number of <head>observers<head> has risen, but few experts expect the U.N. plan to succeed in its entirety.
followers	audience	1	The daily death toll in Syria has declined as the number of <head>observers<head> has risen, but few experts expect the U.N. plan to succeed in its entirety.
audience	detectives	0	The daily death toll in Syria has declined as the number of <head>observers<head> has risen, but few experts expect the U.N. plan to succeed in its entirety.
detectives	audience	1	The daily death toll in Syria has declined as the number of <head>observers<head> has risen, but few experts expect the U.N. plan to succeed in its entirety.
audience	reporters	0	The daily death toll in Syria has declined as the number of <head>observers<head> has risen, but few experts expect the U.N. plan to succeed in its entirety.
reporters	audience	1	The daily death toll in Syria has declined as the number of <head>observers<head> has risen, but few experts expect the U.N. plan to succeed in its entirety.
audience	onlookers	0	The daily death toll in Syria has declined as the number of <head>observers<head> has risen, but few experts expect the U.N. plan to succeed in its entirety.
onlookers	audience	1	The daily death toll in Syria has declined as the number of <head>observers<head> has risen, but few experts expect the U.N. plan to succeed in its entirety.
viewers	observers	0	The daily death toll in Syria has declined as the number of <head>observers<head> has risen, but few experts expect the U.N. plan to succeed in its entirety.
observers	viewers	1	The daily death toll in Syria has declined as the number of <head>observers<head> has risen, but few experts expect the U.N. plan to succeed in its entirety.
viewers	patrons	0	The daily death toll in Syria has declined as the number of <head>observers<head> has risen, but few experts expect the U.N. plan to succeed in its entirety.
patrons	viewers	1	The daily death toll in Syria has declined as the number of <head>observers<head> has risen, but few experts expect the U.N. plan to succeed in its entirety.
viewers	followers	0	The daily death toll in Syria has declined as the number of <head>observers<head> has risen, but few experts expect the U.N. plan to succeed in its entirety.
followers	viewers	1	The daily death toll in Syria has declined as the number of <head>observers<head> has risen, but few experts expect the U.N. plan to succeed in its entirety.
viewers	detectives	0	The daily death toll in Syria has declined as the number of <head>observers<head> has risen, but few experts expect the U.N. plan to succeed in its entirety.
detectives	viewers	1	The daily death toll in Syria has declined as the number of <head>observers<head> has risen, but few experts expect the U.N. plan to succeed in its entirety.
viewers	onlookers	0	The daily death toll in Syria has declined as the number of <head>observers<head> has risen, but few experts expect the U.N. plan to succeed in its entirety.
onlookers	viewers	1	The daily death toll in Syria has declined as the number of <head>observers<head> has risen, but few experts expect the U.N. plan to succeed in its entirety.
witnesses	patrons	0	The daily death toll in Syria has declined as the number of <head>observers<head> has risen, but few experts expect the U.N. plan to succeed in its entirety.
patrons	witnesses	1	The daily death toll in Syria has declined as the number of <head>observers<head> has risen, but few experts expect the U.N. plan to succeed in its entirety.
witnesses	followers	0	The daily death toll in Syria has declined as the number of <head>observers<head> has risen, but few experts expect the U.N. plan to succeed in its entirety.
followers	witnesses	1	The daily death toll in Syria has declined as the number of <head>observers<head> has risen, but few experts expect the U.N. plan to succeed in its entirety.
witnesses	detectives	0	The daily death toll in Syria has declined as the number of <head>observers<head> has risen, but few experts expect the U.N. plan to succeed in its entirety.
detectives	witnesses	1	The daily death toll in Syria has declined as the number of <head>observers<head> has risen, but few experts expect the U.N. plan to succeed in its entirety.
witnesses	reporters	0	The daily death toll in Syria has declined as the number of <head>observers<head> has risen, but few experts expect the U.N. plan to succeed in its entirety.
reporters	witnesses	1	The daily death toll in Syria has declined as the number of <head>observers<head> has risen, but few experts expect the U.N. plan to succeed in its entirety.
witnesses	onlookers	0	The daily death toll in Syria has declined as the number of <head>observers<head> has risen, but few experts expect the U.N. plan to succeed in its entirety.
onlookers	witnesses	1	The daily death toll in Syria has declined as the number of <head>observers<head> has risen, but few experts expect the U.N. plan to succeed in its entirety.
shrapnel	bomb	0	An amateur video showed a young girl who apparently suffered <head>shrapnel<head> wounds in her thigh undergoing treatment in a makeshift Rastan hospital while screaming in pain.
bomb	shrapnel	1	An amateur video showed a young girl who apparently suffered <head>shrapnel<head> wounds in her thigh undergoing treatment in a makeshift Rastan hospital while screaming in pain.
shrapnel	explosive	0	An amateur video showed a young girl who apparently suffered <head>shrapnel<head> wounds in her thigh undergoing treatment in a makeshift Rastan hospital while screaming in pain.
explosive	shrapnel	1	An amateur video showed a young girl who apparently suffered <head>shrapnel<head> wounds in her thigh undergoing treatment in a makeshift Rastan hospital while screaming in pain.
shrapnel	ammo	0	An amateur video showed a young girl who apparently suffered <head>shrapnel<head> wounds in her thigh undergoing treatment in a makeshift Rastan hospital while screaming in pain.
ammo	shrapnel	1	An amateur video showed a young girl who apparently suffered <head>shrapnel<head> wounds in her thigh undergoing treatment in a makeshift Rastan hospital while screaming in pain.
shrapnel	ammunition	0	An amateur video showed a young girl who apparently suffered <head>shrapnel<head> wounds in her thigh undergoing treatment in a makeshift Rastan hospital while screaming in pain.
ammunition	shrapnel	1	An amateur video showed a young girl who apparently suffered <head>shrapnel<head> wounds in her thigh undergoing treatment in a makeshift Rastan hospital while screaming in pain.
shrapnel	metallic	0	An amateur video showed a young girl who apparently suffered <head>shrapnel<head> wounds in her thigh undergoing treatment in a makeshift Rastan hospital while screaming in pain.
metallic	shrapnel	1	An amateur video showed a young girl who apparently suffered <head>shrapnel<head> wounds in her thigh undergoing treatment in a makeshift Rastan hospital while screaming in pain.
shrapnel	sharp pieces	0	An amateur video showed a young girl who apparently suffered <head>shrapnel<head> wounds in her thigh undergoing treatment in a makeshift Rastan hospital while screaming in pain.
sharp pieces	shrapnel	1	An amateur video showed a young girl who apparently suffered <head>shrapnel<head> wounds in her thigh undergoing treatment in a makeshift Rastan hospital while screaming in pain.
shrapnel	splintering	0	An amateur video showed a young girl who apparently suffered <head>shrapnel<head> wounds in her thigh undergoing treatment in a makeshift Rastan hospital while screaming in pain.
splintering	shrapnel	1	An amateur video showed a young girl who apparently suffered <head>shrapnel<head> wounds in her thigh undergoing treatment in a makeshift Rastan hospital while screaming in pain.
bullet	bomb	0	An amateur video showed a young girl who apparently suffered <head>shrapnel<head> wounds in her thigh undergoing treatment in a makeshift Rastan hospital while screaming in pain.
bomb	bullet	1	An amateur video showed a young girl who apparently suffered <head>shrapnel<head> wounds in her thigh undergoing treatment in a makeshift Rastan hospital while screaming in pain.
bullet	ammo	0	An amateur video showed a young girl who apparently suffered <head>shrapnel<head> wounds in her thigh undergoing treatment in a makeshift Rastan hospital while screaming in pain.
ammo	bullet	1	An amateur video showed a young girl who apparently suffered <head>shrapnel<head> wounds in her thigh undergoing treatment in a makeshift Rastan hospital while screaming in pain.
bullet	ammunition	0	An amateur video showed a young girl who apparently suffered <head>shrapnel<head> wounds in her thigh undergoing treatment in a makeshift Rastan hospital while screaming in pain.
ammunition	bullet	1	An amateur video showed a young girl who apparently suffered <head>shrapnel<head> wounds in her thigh undergoing treatment in a makeshift Rastan hospital while screaming in pain.
bullet	deep	0	An amateur video showed a young girl who apparently suffered <head>shrapnel<head> wounds in her thigh undergoing treatment in a makeshift Rastan hospital while screaming in pain.
deep	bullet	1	An amateur video showed a young girl who apparently suffered <head>shrapnel<head> wounds in her thigh undergoing treatment in a makeshift Rastan hospital while screaming in pain.
bullet	metal	0	An amateur video showed a young girl who apparently suffered <head>shrapnel<head> wounds in her thigh undergoing treatment in a makeshift Rastan hospital while screaming in pain.
metal	bullet	1	An amateur video showed a young girl who apparently suffered <head>shrapnel<head> wounds in her thigh undergoing treatment in a makeshift Rastan hospital while screaming in pain.
bullet	metallic	0	An amateur video showed a young girl who apparently suffered <head>shrapnel<head> wounds in her thigh undergoing treatment in a makeshift Rastan hospital while screaming in pain.
metallic	bullet	1	An amateur video showed a young girl who apparently suffered <head>shrapnel<head> wounds in her thigh undergoing treatment in a makeshift Rastan hospital while screaming in pain.
bullet	missile	0	An amateur video showed a young girl who apparently suffered <head>shrapnel<head> wounds in her thigh undergoing treatment in a makeshift Rastan hospital while screaming in pain.
missile	bullet	1	An amateur video showed a young girl who apparently suffered <head>shrapnel<head> wounds in her thigh undergoing treatment in a makeshift Rastan hospital while screaming in pain.
bullet	munition	0	An amateur video showed a young girl who apparently suffered <head>shrapnel<head> wounds in her thigh undergoing treatment in a makeshift Rastan hospital while screaming in pain.
munition	bullet	1	An amateur video showed a young girl who apparently suffered <head>shrapnel<head> wounds in her thigh undergoing treatment in a makeshift Rastan hospital while screaming in pain.
bullet	sharp pieces	0	An amateur video showed a young girl who apparently suffered <head>shrapnel<head> wounds in her thigh undergoing treatment in a makeshift Rastan hospital while screaming in pain.
sharp pieces	bullet	1	An amateur video showed a young girl who apparently suffered <head>shrapnel<head> wounds in her thigh undergoing treatment in a makeshift Rastan hospital while screaming in pain.
bullet	splintering	0	An amateur video showed a young girl who apparently suffered <head>shrapnel<head> wounds in her thigh undergoing treatment in a makeshift Rastan hospital while screaming in pain.
splintering	bullet	1	An amateur video showed a young girl who apparently suffered <head>shrapnel<head> wounds in her thigh undergoing treatment in a makeshift Rastan hospital while screaming in pain.
bomb	ammo	0	An amateur video showed a young girl who apparently suffered <head>shrapnel<head> wounds in her thigh undergoing treatment in a makeshift Rastan hospital while screaming in pain.
ammo	bomb	1	An amateur video showed a young girl who apparently suffered <head>shrapnel<head> wounds in her thigh undergoing treatment in a makeshift Rastan hospital while screaming in pain.
bomb	ammunition	0	An amateur video showed a young girl who apparently suffered <head>shrapnel<head> wounds in her thigh undergoing treatment in a makeshift Rastan hospital while screaming in pain.
ammunition	bomb	1	An amateur video showed a young girl who apparently suffered <head>shrapnel<head> wounds in her thigh undergoing treatment in a makeshift Rastan hospital while screaming in pain.
bomb	deep	0	An amateur video showed a young girl who apparently suffered <head>shrapnel<head> wounds in her thigh undergoing treatment in a makeshift Rastan hospital while screaming in pain.
deep	bomb	1	An amateur video showed a young girl who apparently suffered <head>shrapnel<head> wounds in her thigh undergoing treatment in a makeshift Rastan hospital while screaming in pain.
bomb	metal	0	An amateur video showed a young girl who apparently suffered <head>shrapnel<head> wounds in her thigh undergoing treatment in a makeshift Rastan hospital while screaming in pain.
metal	bomb	1	An amateur video showed a young girl who apparently suffered <head>shrapnel<head> wounds in her thigh undergoing treatment in a makeshift Rastan hospital while screaming in pain.
bomb	metallic	0	An amateur video showed a young girl who apparently suffered <head>shrapnel<head> wounds in her thigh undergoing treatment in a makeshift Rastan hospital while screaming in pain.
metallic	bomb	1	An amateur video showed a young girl who apparently suffered <head>shrapnel<head> wounds in her thigh undergoing treatment in a makeshift Rastan hospital while screaming in pain.
bomb	missile	0	An amateur video showed a young girl who apparently suffered <head>shrapnel<head> wounds in her thigh undergoing treatment in a makeshift Rastan hospital while screaming in pain.
missile	bomb	1	An amateur video showed a young girl who apparently suffered <head>shrapnel<head> wounds in her thigh undergoing treatment in a makeshift Rastan hospital while screaming in pain.
bomb	munition	0	An amateur video showed a young girl who apparently suffered <head>shrapnel<head> wounds in her thigh undergoing treatment in a makeshift Rastan hospital while screaming in pain.
munition	bomb	1	An amateur video showed a young girl who apparently suffered <head>shrapnel<head> wounds in her thigh undergoing treatment in a makeshift Rastan hospital while screaming in pain.
bomb	sharp pieces	0	An amateur video showed a young girl who apparently suffered <head>shrapnel<head> wounds in her thigh undergoing treatment in a makeshift Rastan hospital while screaming in pain.
sharp pieces	bomb	1	An amateur video showed a young girl who apparently suffered <head>shrapnel<head> wounds in her thigh undergoing treatment in a makeshift Rastan hospital while screaming in pain.
bomb	splintering	0	An amateur video showed a young girl who apparently suffered <head>shrapnel<head> wounds in her thigh undergoing treatment in a makeshift Rastan hospital while screaming in pain.
splintering	bomb	1	An amateur video showed a young girl who apparently suffered <head>shrapnel<head> wounds in her thigh undergoing treatment in a makeshift Rastan hospital while screaming in pain.
explosive	ammo	0	An amateur video showed a young girl who apparently suffered <head>shrapnel<head> wounds in her thigh undergoing treatment in a makeshift Rastan hospital while screaming in pain.
ammo	explosive	1	An amateur video showed a young girl who apparently suffered <head>shrapnel<head> wounds in her thigh undergoing treatment in a makeshift Rastan hospital while screaming in pain.
explosive	ammunition	0	An amateur video showed a young girl who apparently suffered <head>shrapnel<head> wounds in her thigh undergoing treatment in a makeshift Rastan hospital while screaming in pain.
ammunition	explosive	1	An amateur video showed a young girl who apparently suffered <head>shrapnel<head> wounds in her thigh undergoing treatment in a makeshift Rastan hospital while screaming in pain.
explosive	deep	0	An amateur video showed a young girl who apparently suffered <head>shrapnel<head> wounds in her thigh undergoing treatment in a makeshift Rastan hospital while screaming in pain.
deep	explosive	1	An amateur video showed a young girl who apparently suffered <head>shrapnel<head> wounds in her thigh undergoing treatment in a makeshift Rastan hospital while screaming in pain.
explosive	metal	0	An amateur video showed a young girl who apparently suffered <head>shrapnel<head> wounds in her thigh undergoing treatment in a makeshift Rastan hospital while screaming in pain.
metal	explosive	1	An amateur video showed a young girl who apparently suffered <head>shrapnel<head> wounds in her thigh undergoing treatment in a makeshift Rastan hospital while screaming in pain.
explosive	munition	0	An amateur video showed a young girl who apparently suffered <head>shrapnel<head> wounds in her thigh undergoing treatment in a makeshift Rastan hospital while screaming in pain.
munition	explosive	1	An amateur video showed a young girl who apparently suffered <head>shrapnel<head> wounds in her thigh undergoing treatment in a makeshift Rastan hospital while screaming in pain.
explosive	sharp pieces	0	An amateur video showed a young girl who apparently suffered <head>shrapnel<head> wounds in her thigh undergoing treatment in a makeshift Rastan hospital while screaming in pain.
sharp pieces	explosive	1	An amateur video showed a young girl who apparently suffered <head>shrapnel<head> wounds in her thigh undergoing treatment in a makeshift Rastan hospital while screaming in pain.
explosive	splintering	0	An amateur video showed a young girl who apparently suffered <head>shrapnel<head> wounds in her thigh undergoing treatment in a makeshift Rastan hospital while screaming in pain.
splintering	explosive	1	An amateur video showed a young girl who apparently suffered <head>shrapnel<head> wounds in her thigh undergoing treatment in a makeshift Rastan hospital while screaming in pain.
dressed	hidden	0	A local witness said a separate group of attackers <head>disguised<head> in burqas  the head-to-toe robes worn by conservative Afghan women  then tried to storm the compound.
hidden	dressed	1	A local witness said a separate group of attackers <head>disguised<head> in burqas  the head-to-toe robes worn by conservative Afghan women  then tried to storm the compound.
concealed	changed	0	A local witness said a separate group of attackers <head>disguised<head> in burqas  the head-to-toe robes worn by conservative Afghan women  then tried to storm the compound.
changed	concealed	1	A local witness said a separate group of attackers <head>disguised<head> in burqas  the head-to-toe robes worn by conservative Afghan women  then tried to storm the compound.
concealed	covered	0	A local witness said a separate group of attackers <head>disguised<head> in burqas  the head-to-toe robes worn by conservative Afghan women  then tried to storm the compound.
covered	concealed	1	A local witness said a separate group of attackers <head>disguised<head> in burqas  the head-to-toe robes worn by conservative Afghan women  then tried to storm the compound.
concealed	disguised	0	A local witness said a separate group of attackers <head>disguised<head> in burqas  the head-to-toe robes worn by conservative Afghan women  then tried to storm the compound.
disguised	concealed	1	A local witness said a separate group of attackers <head>disguised<head> in burqas  the head-to-toe robes worn by conservative Afghan women  then tried to storm the compound.
concealed	masked	0	A local witness said a separate group of attackers <head>disguised<head> in burqas  the head-to-toe robes worn by conservative Afghan women  then tried to storm the compound.
masked	concealed	1	A local witness said a separate group of attackers <head>disguised<head> in burqas  the head-to-toe robes worn by conservative Afghan women  then tried to storm the compound.
concealed	unrecognizable	0	A local witness said a separate group of attackers <head>disguised<head> in burqas  the head-to-toe robes worn by conservative Afghan women  then tried to storm the compound.
unrecognizable	concealed	1	A local witness said a separate group of attackers <head>disguised<head> in burqas  the head-to-toe robes worn by conservative Afghan women  then tried to storm the compound.
dressed	camouflaged	0	A local witness said a separate group of attackers <head>disguised<head> in burqas  the head-to-toe robes worn by conservative Afghan women  then tried to storm the compound.
camouflaged	dressed	1	A local witness said a separate group of attackers <head>disguised<head> in burqas  the head-to-toe robes worn by conservative Afghan women  then tried to storm the compound.
dressed	changed	0	A local witness said a separate group of attackers <head>disguised<head> in burqas  the head-to-toe robes worn by conservative Afghan women  then tried to storm the compound.
changed	dressed	1	A local witness said a separate group of attackers <head>disguised<head> in burqas  the head-to-toe robes worn by conservative Afghan women  then tried to storm the compound.
dressed	covered	0	A local witness said a separate group of attackers <head>disguised<head> in burqas  the head-to-toe robes worn by conservative Afghan women  then tried to storm the compound.
covered	dressed	1	A local witness said a separate group of attackers <head>disguised<head> in burqas  the head-to-toe robes worn by conservative Afghan women  then tried to storm the compound.
dressed	disguised	0	A local witness said a separate group of attackers <head>disguised<head> in burqas  the head-to-toe robes worn by conservative Afghan women  then tried to storm the compound.
disguised	dressed	1	A local witness said a separate group of attackers <head>disguised<head> in burqas  the head-to-toe robes worn by conservative Afghan women  then tried to storm the compound.
dressed	masked	0	A local witness said a separate group of attackers <head>disguised<head> in burqas  the head-to-toe robes worn by conservative Afghan women  then tried to storm the compound.
masked	dressed	1	A local witness said a separate group of attackers <head>disguised<head> in burqas  the head-to-toe robes worn by conservative Afghan women  then tried to storm the compound.
concealed	converted	0	A local witness said a separate group of attackers <head>disguised<head> in burqas  the head-to-toe robes worn by conservative Afghan women  then tried to storm the compound.
converted	concealed	1	A local witness said a separate group of attackers <head>disguised<head> in burqas  the head-to-toe robes worn by conservative Afghan women  then tried to storm the compound.
dressed	converted	0	A local witness said a separate group of attackers <head>disguised<head> in burqas  the head-to-toe robes worn by conservative Afghan women  then tried to storm the compound.
converted	dressed	1	A local witness said a separate group of attackers <head>disguised<head> in burqas  the head-to-toe robes worn by conservative Afghan women  then tried to storm the compound.
hidden	camouflaged	0	A local witness said a separate group of attackers <head>disguised<head> in burqas  the head-to-toe robes worn by conservative Afghan women  then tried to storm the compound.
camouflaged	hidden	1	A local witness said a separate group of attackers <head>disguised<head> in burqas  the head-to-toe robes worn by conservative Afghan women  then tried to storm the compound.
hidden	changed	0	A local witness said a separate group of attackers <head>disguised<head> in burqas  the head-to-toe robes worn by conservative Afghan women  then tried to storm the compound.
changed	hidden	1	A local witness said a separate group of attackers <head>disguised<head> in burqas  the head-to-toe robes worn by conservative Afghan women  then tried to storm the compound.
hidden	covered	0	A local witness said a separate group of attackers <head>disguised<head> in burqas  the head-to-toe robes worn by conservative Afghan women  then tried to storm the compound.
covered	hidden	1	A local witness said a separate group of attackers <head>disguised<head> in burqas  the head-to-toe robes worn by conservative Afghan women  then tried to storm the compound.
hidden	disguised	0	A local witness said a separate group of attackers <head>disguised<head> in burqas  the head-to-toe robes worn by conservative Afghan women  then tried to storm the compound.
disguised	hidden	1	A local witness said a separate group of attackers <head>disguised<head> in burqas  the head-to-toe robes worn by conservative Afghan women  then tried to storm the compound.
hidden	masked	0	A local witness said a separate group of attackers <head>disguised<head> in burqas  the head-to-toe robes worn by conservative Afghan women  then tried to storm the compound.
masked	hidden	1	A local witness said a separate group of attackers <head>disguised<head> in burqas  the head-to-toe robes worn by conservative Afghan women  then tried to storm the compound.
hidden	unrecognizable	0	A local witness said a separate group of attackers <head>disguised<head> in burqas  the head-to-toe robes worn by conservative Afghan women  then tried to storm the compound.
unrecognizable	hidden	1	A local witness said a separate group of attackers <head>disguised<head> in burqas  the head-to-toe robes worn by conservative Afghan women  then tried to storm the compound.
hidden	converted	0	A local witness said a separate group of attackers <head>disguised<head> in burqas  the head-to-toe robes worn by conservative Afghan women  then tried to storm the compound.
converted	hidden	1	A local witness said a separate group of attackers <head>disguised<head> in burqas  the head-to-toe robes worn by conservative Afghan women  then tried to storm the compound.
camouflaged	converted	0	A local witness said a separate group of attackers <head>disguised<head> in burqas  the head-to-toe robes worn by conservative Afghan women  then tried to storm the compound.
converted	camouflaged	1	A local witness said a separate group of attackers <head>disguised<head> in burqas  the head-to-toe robes worn by conservative Afghan women  then tried to storm the compound.
camouflaged	impersonated	0	A local witness said a separate group of attackers <head>disguised<head> in burqas  the head-to-toe robes worn by conservative Afghan women  then tried to storm the compound.
impersonated	camouflaged	1	A local witness said a separate group of attackers <head>disguised<head> in burqas  the head-to-toe robes worn by conservative Afghan women  then tried to storm the compound.
changed	converted	0	A local witness said a separate group of attackers <head>disguised<head> in burqas  the head-to-toe robes worn by conservative Afghan women  then tried to storm the compound.
converted	changed	1	A local witness said a separate group of attackers <head>disguised<head> in burqas  the head-to-toe robes worn by conservative Afghan women  then tried to storm the compound.
changed	impersonated	0	A local witness said a separate group of attackers <head>disguised<head> in burqas  the head-to-toe robes worn by conservative Afghan women  then tried to storm the compound.
impersonated	changed	1	A local witness said a separate group of attackers <head>disguised<head> in burqas  the head-to-toe robes worn by conservative Afghan women  then tried to storm the compound.
covered	impersonated	0	A local witness said a separate group of attackers <head>disguised<head> in burqas  the head-to-toe robes worn by conservative Afghan women  then tried to storm the compound.
impersonated	covered	1	A local witness said a separate group of attackers <head>disguised<head> in burqas  the head-to-toe robes worn by conservative Afghan women  then tried to storm the compound.
disguised	converted	0	A local witness said a separate group of attackers <head>disguised<head> in burqas  the head-to-toe robes worn by conservative Afghan women  then tried to storm the compound.
converted	disguised	1	A local witness said a separate group of attackers <head>disguised<head> in burqas  the head-to-toe robes worn by conservative Afghan women  then tried to storm the compound.
masked	converted	0	A local witness said a separate group of attackers <head>disguised<head> in burqas  the head-to-toe robes worn by conservative Afghan women  then tried to storm the compound.
converted	masked	1	A local witness said a separate group of attackers <head>disguised<head> in burqas  the head-to-toe robes worn by conservative Afghan women  then tried to storm the compound.
masked	impersonated	0	A local witness said a separate group of attackers <head>disguised<head> in burqas  the head-to-toe robes worn by conservative Afghan women  then tried to storm the compound.
impersonated	masked	1	A local witness said a separate group of attackers <head>disguised<head> in burqas  the head-to-toe robes worn by conservative Afghan women  then tried to storm the compound.
branch	side shoot	0	Syria's Sunni majority is at the forefront of the uprising against Assad, whose minority Alawite sect is an <head>offshoot<head> of Shi'ite Islam.
side shoot	branch	1	Syria's Sunni majority is at the forefront of the uprising against Assad, whose minority Alawite sect is an <head>offshoot<head> of Shi'ite Islam.
branch	shoot	0	Syria's Sunni majority is at the forefront of the uprising against Assad, whose minority Alawite sect is an <head>offshoot<head> of Shi'ite Islam.
shoot	branch	1	Syria's Sunni majority is at the forefront of the uprising against Assad, whose minority Alawite sect is an <head>offshoot<head> of Shi'ite Islam.
branch	branch.	0	Syria's Sunni majority is at the forefront of the uprising against Assad, whose minority Alawite sect is an <head>offshoot<head> of Shi'ite Islam.
branch.	branch	1	Syria's Sunni majority is at the forefront of the uprising against Assad, whose minority Alawite sect is an <head>offshoot<head> of Shi'ite Islam.
branch	derivative	0	Syria's Sunni majority is at the forefront of the uprising against Assad, whose minority Alawite sect is an <head>offshoot<head> of Shi'ite Islam.
derivative	branch	1	Syria's Sunni majority is at the forefront of the uprising against Assad, whose minority Alawite sect is an <head>offshoot<head> of Shi'ite Islam.
branch	limb	0	Syria's Sunni majority is at the forefront of the uprising against Assad, whose minority Alawite sect is an <head>offshoot<head> of Shi'ite Islam.
limb	branch	1	Syria's Sunni majority is at the forefront of the uprising against Assad, whose minority Alawite sect is an <head>offshoot<head> of Shi'ite Islam.
branch	offset	0	Syria's Sunni majority is at the forefront of the uprising against Assad, whose minority Alawite sect is an <head>offshoot<head> of Shi'ite Islam.
offset	branch	1	Syria's Sunni majority is at the forefront of the uprising against Assad, whose minority Alawite sect is an <head>offshoot<head> of Shi'ite Islam.
branch	part	0	Syria's Sunni majority is at the forefront of the uprising against Assad, whose minority Alawite sect is an <head>offshoot<head> of Shi'ite Islam.
part	branch	1	Syria's Sunni majority is at the forefront of the uprising against Assad, whose minority Alawite sect is an <head>offshoot<head> of Shi'ite Islam.
branch	regroup	0	Syria's Sunni majority is at the forefront of the uprising against Assad, whose minority Alawite sect is an <head>offshoot<head> of Shi'ite Islam.
regroup	branch	1	Syria's Sunni majority is at the forefront of the uprising against Assad, whose minority Alawite sect is an <head>offshoot<head> of Shi'ite Islam.
branch	runner	0	Syria's Sunni majority is at the forefront of the uprising against Assad, whose minority Alawite sect is an <head>offshoot<head> of Shi'ite Islam.
runner	branch	1	Syria's Sunni majority is at the forefront of the uprising against Assad, whose minority Alawite sect is an <head>offshoot<head> of Shi'ite Islam.
branch	spinoff	0	Syria's Sunni majority is at the forefront of the uprising against Assad, whose minority Alawite sect is an <head>offshoot<head> of Shi'ite Islam.
spinoff	branch	1	Syria's Sunni majority is at the forefront of the uprising against Assad, whose minority Alawite sect is an <head>offshoot<head> of Shi'ite Islam.
branch	subsidiary	0	Syria's Sunni majority is at the forefront of the uprising against Assad, whose minority Alawite sect is an <head>offshoot<head> of Shi'ite Islam.
subsidiary	branch	1	Syria's Sunni majority is at the forefront of the uprising against Assad, whose minority Alawite sect is an <head>offshoot<head> of Shi'ite Islam.
outgrowth	shoot	0	Syria's Sunni majority is at the forefront of the uprising against Assad, whose minority Alawite sect is an <head>offshoot<head> of Shi'ite Islam.
shoot	outgrowth	1	Syria's Sunni majority is at the forefront of the uprising against Assad, whose minority Alawite sect is an <head>offshoot<head> of Shi'ite Islam.
outgrowth	derivative	0	Syria's Sunni majority is at the forefront of the uprising against Assad, whose minority Alawite sect is an <head>offshoot<head> of Shi'ite Islam.
derivative	outgrowth	1	Syria's Sunni majority is at the forefront of the uprising against Assad, whose minority Alawite sect is an <head>offshoot<head> of Shi'ite Islam.
outgrowth	offset	0	Syria's Sunni majority is at the forefront of the uprising against Assad, whose minority Alawite sect is an <head>offshoot<head> of Shi'ite Islam.
offset	outgrowth	1	Syria's Sunni majority is at the forefront of the uprising against Assad, whose minority Alawite sect is an <head>offshoot<head> of Shi'ite Islam.
outgrowth	runner	0	Syria's Sunni majority is at the forefront of the uprising against Assad, whose minority Alawite sect is an <head>offshoot<head> of Shi'ite Islam.
runner	outgrowth	1	Syria's Sunni majority is at the forefront of the uprising against Assad, whose minority Alawite sect is an <head>offshoot<head> of Shi'ite Islam.
outgrowth	side part	0	Syria's Sunni majority is at the forefront of the uprising against Assad, whose minority Alawite sect is an <head>offshoot<head> of Shi'ite Islam.
side part	outgrowth	1	Syria's Sunni majority is at the forefront of the uprising against Assad, whose minority Alawite sect is an <head>offshoot<head> of Shi'ite Islam.
outgrowth	spinoff	0	Syria's Sunni majority is at the forefront of the uprising against Assad, whose minority Alawite sect is an <head>offshoot<head> of Shi'ite Islam.
spinoff	outgrowth	1	Syria's Sunni majority is at the forefront of the uprising against Assad, whose minority Alawite sect is an <head>offshoot<head> of Shi'ite Islam.
outgrowth	subsidiary	0	Syria's Sunni majority is at the forefront of the uprising against Assad, whose minority Alawite sect is an <head>offshoot<head> of Shi'ite Islam.
subsidiary	outgrowth	1	Syria's Sunni majority is at the forefront of the uprising against Assad, whose minority Alawite sect is an <head>offshoot<head> of Shi'ite Islam.
side shoot	branch.	0	Syria's Sunni majority is at the forefront of the uprising against Assad, whose minority Alawite sect is an <head>offshoot<head> of Shi'ite Islam.
branch.	side shoot	1	Syria's Sunni majority is at the forefront of the uprising against Assad, whose minority Alawite sect is an <head>offshoot<head> of Shi'ite Islam.
side shoot	derivative	0	Syria's Sunni majority is at the forefront of the uprising against Assad, whose minority Alawite sect is an <head>offshoot<head> of Shi'ite Islam.
derivative	side shoot	1	Syria's Sunni majority is at the forefront of the uprising against Assad, whose minority Alawite sect is an <head>offshoot<head> of Shi'ite Islam.
side shoot	limb	0	Syria's Sunni majority is at the forefront of the uprising against Assad, whose minority Alawite sect is an <head>offshoot<head> of Shi'ite Islam.
limb	side shoot	1	Syria's Sunni majority is at the forefront of the uprising against Assad, whose minority Alawite sect is an <head>offshoot<head> of Shi'ite Islam.
side shoot	offset	0	Syria's Sunni majority is at the forefront of the uprising against Assad, whose minority Alawite sect is an <head>offshoot<head> of Shi'ite Islam.
offset	side shoot	1	Syria's Sunni majority is at the forefront of the uprising against Assad, whose minority Alawite sect is an <head>offshoot<head> of Shi'ite Islam.
side shoot	part	0	Syria's Sunni majority is at the forefront of the uprising against Assad, whose minority Alawite sect is an <head>offshoot<head> of Shi'ite Islam.
part	side shoot	1	Syria's Sunni majority is at the forefront of the uprising against Assad, whose minority Alawite sect is an <head>offshoot<head> of Shi'ite Islam.
side shoot	regroup	0	Syria's Sunni majority is at the forefront of the uprising against Assad, whose minority Alawite sect is an <head>offshoot<head> of Shi'ite Islam.
regroup	side shoot	1	Syria's Sunni majority is at the forefront of the uprising against Assad, whose minority Alawite sect is an <head>offshoot<head> of Shi'ite Islam.
side shoot	runner	0	Syria's Sunni majority is at the forefront of the uprising against Assad, whose minority Alawite sect is an <head>offshoot<head> of Shi'ite Islam.
runner	side shoot	1	Syria's Sunni majority is at the forefront of the uprising against Assad, whose minority Alawite sect is an <head>offshoot<head> of Shi'ite Islam.
side shoot	side part	0	Syria's Sunni majority is at the forefront of the uprising against Assad, whose minority Alawite sect is an <head>offshoot<head> of Shi'ite Islam.
side part	side shoot	1	Syria's Sunni majority is at the forefront of the uprising against Assad, whose minority Alawite sect is an <head>offshoot<head> of Shi'ite Islam.
side shoot	subsidiary	0	Syria's Sunni majority is at the forefront of the uprising against Assad, whose minority Alawite sect is an <head>offshoot<head> of Shi'ite Islam.
subsidiary	side shoot	1	Syria's Sunni majority is at the forefront of the uprising against Assad, whose minority Alawite sect is an <head>offshoot<head> of Shi'ite Islam.
shoot	branch.	0	Syria's Sunni majority is at the forefront of the uprising against Assad, whose minority Alawite sect is an <head>offshoot<head> of Shi'ite Islam.
branch.	shoot	1	Syria's Sunni majority is at the forefront of the uprising against Assad, whose minority Alawite sect is an <head>offshoot<head> of Shi'ite Islam.
shoot	derivative	0	Syria's Sunni majority is at the forefront of the uprising against Assad, whose minority Alawite sect is an <head>offshoot<head> of Shi'ite Islam.
derivative	shoot	1	Syria's Sunni majority is at the forefront of the uprising against Assad, whose minority Alawite sect is an <head>offshoot<head> of Shi'ite Islam.
shoot	offset	0	Syria's Sunni majority is at the forefront of the uprising against Assad, whose minority Alawite sect is an <head>offshoot<head> of Shi'ite Islam.
offset	shoot	1	Syria's Sunni majority is at the forefront of the uprising against Assad, whose minority Alawite sect is an <head>offshoot<head> of Shi'ite Islam.
shoot	part	0	Syria's Sunni majority is at the forefront of the uprising against Assad, whose minority Alawite sect is an <head>offshoot<head> of Shi'ite Islam.
part	shoot	1	Syria's Sunni majority is at the forefront of the uprising against Assad, whose minority Alawite sect is an <head>offshoot<head> of Shi'ite Islam.
shoot	runner	0	Syria's Sunni majority is at the forefront of the uprising against Assad, whose minority Alawite sect is an <head>offshoot<head> of Shi'ite Islam.
runner	shoot	1	Syria's Sunni majority is at the forefront of the uprising against Assad, whose minority Alawite sect is an <head>offshoot<head> of Shi'ite Islam.
shoot	subsidiary	0	Syria's Sunni majority is at the forefront of the uprising against Assad, whose minority Alawite sect is an <head>offshoot<head> of Shi'ite Islam.
subsidiary	shoot	1	Syria's Sunni majority is at the forefront of the uprising against Assad, whose minority Alawite sect is an <head>offshoot<head> of Shi'ite Islam.
